{"level":"info","message":"Secure request received from: academy-dev-store-2088.myshopify.com","timestamp":"05-05-2026 16:12:19"}
{"level":"info","message":"New store registered: academy-dev-store-2088.myshopify.com","timestamp":"05-05-2026 16:12:19"}
{"level":"info","message":"Processing national shipping","timestamp":"05-05-2026 16:12:19"}
{"level":"warn","message":"Route doesnt exist: 4470-177 -> 4505-141","timestamp":"05-05-2026 16:12:19"}
{"level":"warn","message":"No GLS pricing found for zone PT and size XS","timestamp":"05-05-2026 16:12:19"}
{"level":"warn","message":"No carrier rates could be fetched, returning fallback rate.","timestamp":"05-05-2026 16:12:19"}
{"level":"info","message":"Secure request received from: academy-dev-store-2088.myshopify.com","timestamp":"05-05-2026 16:12:20"}
{"level":"info","message":"Processing national shipping","timestamp":"05-05-2026 16:12:20"}
{"level":"warn","message":"Route doesnt exist: 4470-177 -> 4505-141","timestamp":"05-05-2026 16:12:20"}
{"level":"warn","message":"No GLS pricing found for zone PT and size XS","timestamp":"05-05-2026 16:12:20"}
{"level":"warn","message":"No carrier rates could be fetched, returning fallback rate.","timestamp":"05-05-2026 16:12:20"}
{"level":"info","message":"Secure request received from: academy-dev-store-2088.myshopify.com","timestamp":"05-05-2026 16:16:53"}
{"level":"info","message":"Processing national shipping","timestamp":"05-05-2026 16:16:53"}
{"level":"warn","message":"Route doesnt exist: 4470-177 -> 4505-141","timestamp":"05-05-2026 16:16:53"}
{"level":"warn","message":"No GLS pricing found for zone PT and size XS","timestamp":"05-05-2026 16:16:53"}
{"level":"warn","message":"No carrier rates could be fetched, returning fallback rate.","timestamp":"05-05-2026 16:16:53"}
{"level":"info","message":"Secure request received from: academy-dev-store-2088.myshopify.com","timestamp":"05-05-2026 16:16:54"}
{"level":"info","message":"Processing national shipping","timestamp":"05-05-2026 16:16:54"}
{"level":"warn","message":"Route doesnt exist: 4470-177 -> 4505-141","timestamp":"05-05-2026 16:16:54"}
{"level":"warn","message":"No GLS pricing found for zone PT and size XS","timestamp":"05-05-2026 16:16:54"}
{"level":"warn","message":"No carrier rates could be fetched, returning fallback rate.","timestamp":"05-05-2026 16:16:54"}
{"level":"info","message":"Secure request received from: academy-dev-store-2088.myshopify.com","timestamp":"05-05-2026 16:21:14"}
{"level":"info","message":"Processing national shipping","timestamp":"05-05-2026 16:21:14"}
{"level":"warn","message":"Route doesnt exist: 4470-177 -> 4505-141","timestamp":"05-05-2026 16:21:14"}
{"level":"warn","message":"No GLS pricing found for zone PT and size XS","timestamp":"05-05-2026 16:21:14"}
{"level":"warn","message":"No carrier rates could be fetched, returning fallback rate.","timestamp":"05-05-2026 16:21:14"}
{"level":"info","message":"Secure request received from: academy-dev-store-2088.myshopify.com","timestamp":"05-05-2026 16:21:15"}
{"level":"info","message":"Processing national shipping","timestamp":"05-05-2026 16:21:15"}
{"level":"warn","message":"Route doesnt exist: 4470-177 -> 4505-141","timestamp":"05-05-2026 16:21:15"}
{"level":"warn","message":"No GLS pricing found for zone PT and size XS","timestamp":"05-05-2026 16:21:15"}
{"level":"warn","message":"No carrier rates could be fetched, returning fallback rate.","timestamp":"05-05-2026 16:21:15"}
{"level":"info","message":"Secure request received from: academy-dev-store-2088.myshopify.com","timestamp":"05-05-2026 16:31:21"}
{"level":"info","message":"Processing international shipping","timestamp":"05-05-2026 16:31:21"}
{"level":"info","message":"GLS route validated successfully for ZIP 34000 in FR. Calculated price: 21.00€","timestamp":"05-05-2026 16:31:21"}
{"level":"info","message":"FedEx returned 4 rate options for ZIP 34000 in FR.","timestamp":"05-05-2026 16:31:24"}
{"level":"info","message":"Cheapest rate selected: GLS Europe (Zone Euro I) at 21.00","timestamp":"05-05-2026 16:31:24"}
{"level":"info","message":"Secure request received from: academy-dev-store-2088.myshopify.com","timestamp":"05-05-2026 16:31:24"}
{"level":"info","message":"Processing international shipping","timestamp":"05-05-2026 16:31:24"}
{"level":"info","message":"GLS route validated successfully for ZIP 56068 in DE. Calculated price: 21.00€","timestamp":"05-05-2026 16:31:24"}
{"level":"info","message":"FedEx returned 6 rate options for ZIP 56068 in DE.","timestamp":"05-05-2026 16:31:26"}
{"level":"info","message":"Cheapest rate selected: GLS Europe (Zone Euro I) at 21.00","timestamp":"05-05-2026 16:31:26"}
{"level":"info","message":"Secure request received from: academy-dev-store-2088.myshopify.com","timestamp":"05-05-2026 16:31:27"}
{"level":"info","message":"Processing international shipping","timestamp":"05-05-2026 16:31:27"}
{"level":"info","message":"GLS route validated successfully for ZIP 00144 in IT. Calculated price: 22.00€","timestamp":"05-05-2026 16:31:27"}
{"level":"info","message":"FedEx returned 5 rate options for ZIP 00144 in IT.","timestamp":"05-05-2026 16:31:29"}
{"level":"info","message":"Cheapest rate selected: GLS Europe (Zone Euro II) at 22.00","timestamp":"05-05-2026 16:31:29"}
{"level":"info","message":"Secure request received from: academy-dev-store-2088.myshopify.com","timestamp":"05-05-2026 16:31:29"}
{"level":"info","message":"Processing international shipping","timestamp":"05-05-2026 16:31:29"}
{"level":"info","message":"GLS route validated successfully for ZIP SE22 8DL in GB. Calculated price: 42.00€","timestamp":"05-05-2026 16:31:30"}
{"level":"info","message":"FedEx returned 5 rate options for ZIP SE22 8DL in GB.","timestamp":"05-05-2026 16:31:31"}
{"level":"info","message":"Cheapest rate selected: GLS Europe (Zone Euro IV) at 42.00","timestamp":"05-05-2026 16:31:31"}
{"level":"info","message":"Secure request received from: academy-dev-store-2088.myshopify.com","timestamp":"05-05-2026 16:31:32"}
{"level":"info","message":"Processing international shipping","timestamp":"05-05-2026 16:31:32"}
{"level":"info","message":"FedEx returned 5 rate options for ZIP 90210 in US.","timestamp":"05-05-2026 16:31:35"}
{"level":"info","message":"Cheapest rate selected: FedEx FedEx International Connect Plus at 225.00","timestamp":"05-05-2026 16:31:35"}
{"level":"info","message":"Secure request received from: academy-dev-store-2088.myshopify.com","timestamp":"05-05-2026 16:31:35"}
{"level":"info","message":"Processing international shipping","timestamp":"05-05-2026 16:31:35"}
{"level":"info","message":"GLS route validated successfully for ZIP 1010 in AT. Calculated price: 22.00€","timestamp":"05-05-2026 16:31:36"}
{"level":"info","message":"FedEx returned 6 rate options for ZIP 1010 in AT.","timestamp":"05-05-2026 16:31:38"}
{"level":"info","message":"Cheapest rate selected: GLS Europe (Zone Euro II) at 22.00","timestamp":"05-05-2026 16:31:38"}
{"level":"info","message":"Secure request received from: academy-dev-store-2088.myshopify.com","timestamp":"05-05-2026 16:31:38"}
{"level":"info","message":"Processing international shipping","timestamp":"05-05-2026 16:31:38"}
{"level":"info","message":"GLS route validated successfully for ZIP 4000 in BE. Calculated price: 22.00€","timestamp":"05-05-2026 16:31:39"}
{"level":"info","message":"FedEx returned 5 rate options for ZIP 4000 in BE.","timestamp":"05-05-2026 16:31:41"}
{"level":"info","message":"Cheapest rate selected: GLS Europe (Zone Euro II) at 22.00","timestamp":"05-05-2026 16:31:41"}
{"level":"info","message":"Secure request received from: academy-dev-store-2088.myshopify.com","timestamp":"05-05-2026 16:31:42"}
{"level":"info","message":"Processing international shipping","timestamp":"05-05-2026 16:31:42"}
{"level":"info","message":"GLS route validated successfully for ZIP 100 00 in CZ. Calculated price: 22.00€","timestamp":"05-05-2026 16:31:42"}
{"level":"info","message":"FedEx returned 6 rate options for ZIP 100 00 in CZ.","timestamp":"05-05-2026 16:31:45"}
{"level":"info","message":"Cheapest rate selected: GLS Europe (Zone Euro II) at 22.00","timestamp":"05-05-2026 16:31:45"}
{"level":"info","message":"Secure request received from: academy-dev-store-2088.myshopify.com","timestamp":"05-05-2026 16:31:45"}
{"level":"info","message":"Processing international shipping","timestamp":"05-05-2026 16:31:45"}
{"level":"info","message":"GLS route validated successfully for ZIP 8660 in DK. Calculated price: 29.70€","timestamp":"05-05-2026 16:31:46"}
{"level":"info","message":"FedEx returned 4 rate options for ZIP 8660 in DK.","timestamp":"05-05-2026 16:31:50"}
{"level":"info","message":"Cheapest rate selected: GLS Europe (Zone Euro III) at 29.70","timestamp":"05-05-2026 16:31:50"}
{"level":"info","message":"Secure request received from: academy-dev-store-2088.myshopify.com","timestamp":"05-05-2026 16:31:50"}
{"level":"info","message":"Processing international shipping","timestamp":"05-05-2026 16:31:50"}
{"level":"info","message":"GLS route validated successfully for ZIP 00550 in FI. Calculated price: 42.00€","timestamp":"05-05-2026 16:31:51"}
{"level":"info","message":"FedEx returned 5 rate options for ZIP 00550 in FI.","timestamp":"05-05-2026 16:31:52"}
{"level":"info","message":"Cheapest rate selected: GLS Europe (Zone Euro IV) at 42.00","timestamp":"05-05-2026 16:31:52"}
{"level":"info","message":"Secure request received from: academy-dev-store-2088.myshopify.com","timestamp":"05-05-2026 16:33:55"}
{"level":"info","message":"Processing national shipping","timestamp":"05-05-2026 16:33:55"}
{"level":"info","message":"Calculated CTT rate: Origin 4470-177, Destination 4505-141, Weight 1.5kg, Base Price 8.25, Home Delivery 2.95, Total 11.2","timestamp":"05-05-2026 16:33:55"}
{"level":"info","message":"GLS route validated successfully for ZIP 4505-141 in PT. Calculated price: 6.50€","timestamp":"05-05-2026 16:33:55"}
{"level":"info","message":"Cheapest rate selected: GLS Portugal at 6.50","timestamp":"05-05-2026 16:33:55"}
{"level":"info","message":"Secure request received from: academy-dev-store-2088.myshopify.com","timestamp":"05-05-2026 16:33:55"}
{"level":"info","message":"Processing national shipping","timestamp":"05-05-2026 16:33:55"}
{"level":"info","message":"Calculated CTT rate: Origin 4470-177, Destination 4505-141, Weight 1.5kg, Base Price 8.25, Home Delivery 2.95, Total 11.2","timestamp":"05-05-2026 16:33:55"}
{"level":"info","message":"GLS route validated successfully for ZIP 4505-141 in PT. Calculated price: 6.50€","timestamp":"05-05-2026 16:33:56"}
{"level":"info","message":"Cheapest rate selected: GLS Portugal at 6.50","timestamp":"05-05-2026 16:33:56"}
{"level":"info","message":"Secure request received from: academy-dev-store-2088.myshopify.com","timestamp":"05-05-2026 16:54:18"}
{"level":"info","message":"Processing national shipping","timestamp":"05-05-2026 16:54:18"}
{"level":"info","message":"Calculated CTT rate: Origin 4470-177, Destination 4505-141, Weight 1.5kg, Base Price 8.25, Home Delivery 2.95, Total 11.2","timestamp":"05-05-2026 16:54:18"}
{"level":"info","message":"GLS route validated successfully for ZIP 4505-141 in PT. Calculated price: 6.50€","timestamp":"05-05-2026 16:54:19"}
{"level":"info","message":"Cheapest rate selected: GLS Portugal at 6.50","timestamp":"05-05-2026 16:54:19"}
{"level":"info","message":"Secure request received from: academy-dev-store-2088.myshopify.com","timestamp":"05-05-2026 16:54:19"}
{"level":"info","message":"Processing national shipping","timestamp":"05-05-2026 16:54:19"}
{"level":"info","message":"Calculated CTT rate: Origin 4470-177, Destination 4505-141, Weight 1.5kg, Base Price 8.25, Home Delivery 2.95, Total 11.2","timestamp":"05-05-2026 16:54:19"}
{"level":"info","message":"GLS route validated successfully for ZIP 4505-141 in PT. Calculated price: 6.50€","timestamp":"05-05-2026 16:54:19"}
{"level":"info","message":"Cheapest rate selected: GLS Portugal at 6.50","timestamp":"05-05-2026 16:54:19"}
{"level":"info","message":"Secure request received from: academy-dev-store-2088.myshopify.com","timestamp":"05-05-2026 16:55:02"}
{"level":"info","message":"Processing national shipping","timestamp":"05-05-2026 16:55:02"}
{"level":"info","message":"Calculated CTT rate: Origin 4470-177, Destination 4505-141, Weight 2kg, Base Price 8.25, Home Delivery 2.95, Total 11.2","timestamp":"05-05-2026 16:55:02"}
{"level":"info","message":"GLS route validated successfully for ZIP 4505-141 in PT. Calculated price: 6.50€","timestamp":"05-05-2026 16:55:02"}
{"level":"info","message":"Cheapest rate selected: GLS Portugal at 6.50","timestamp":"05-05-2026 16:55:02"}
{"level":"info","message":"Secure request received from: academy-dev-store-2088.myshopify.com","timestamp":"05-05-2026 16:55:03"}
{"level":"info","message":"Processing national shipping","timestamp":"05-05-2026 16:55:03"}
{"level":"info","message":"Calculated CTT rate: Origin 4470-177, Destination 4505-141, Weight 2kg, Base Price 8.25, Home Delivery 2.95, Total 11.2","timestamp":"05-05-2026 16:55:03"}
{"level":"info","message":"GLS route validated successfully for ZIP 4505-141 in PT. Calculated price: 6.50€","timestamp":"05-05-2026 16:55:03"}
{"level":"info","message":"Cheapest rate selected: GLS Portugal at 6.50","timestamp":"05-05-2026 16:55:03"}
{"level":"info","message":"Secure request received from: academy-dev-store-2088.myshopify.com","timestamp":"05-05-2026 16:57:11"}
{"level":"info","message":"Processing national shipping","timestamp":"05-05-2026 16:57:11"}
{"level":"info","message":"Calculated CTT rate: Origin 4470-177, Destination 4505-141, Weight 2kg, Base Price 8.25, Home Delivery 2.95, Total 11.2","timestamp":"05-05-2026 16:57:11"}
{"level":"info","message":"GLS route validated successfully for ZIP 4505-141 in PT. Calculated price: 6.50€","timestamp":"05-05-2026 16:57:11"}
{"level":"info","message":"Cart total meets free shipping threshold.","timestamp":"05-05-2026 16:57:11"}
{"level":"info","message":"Cheapest rate selected: GLS Portugal at 0.00","timestamp":"05-05-2026 16:57:11"}
{"level":"info","message":"Secure request received from: academy-dev-store-2088.myshopify.com","timestamp":"05-05-2026 16:58:00"}
{"level":"info","message":"Processing international shipping","timestamp":"05-05-2026 16:58:00"}
{"level":"info","message":"GLS route validated successfully for ZIP 40210 in FR. Calculated price: 21.00€","timestamp":"05-05-2026 16:58:01"}
{"level":"info","message":"FedEx returned 3 rate options for ZIP 40210 in FR.","timestamp":"05-05-2026 16:58:04"}
{"level":"info","message":"Cheapest rate selected: GLS Europe (Zone Euro I) at 21.00","timestamp":"05-05-2026 16:58:04"}
{"level":"info","message":"Secure request received from: academy-dev-store-2088.myshopify.com","timestamp":"06-05-2026 12:16:04"}
{"level":"info","message":"Processing national shipping","timestamp":"06-05-2026 12:16:04"}
{"level":"info","message":"Calculated CTT rate: Origin 4470-177, Destination 4505-141, Weight 1.5kg, Base Price 8.25, Home Delivery 2.95, Total 11.2","timestamp":"06-05-2026 12:16:04"}
{"level":"info","message":"GLS route validated successfully for ZIP 4505-141 in PT. Calculated price: 6.50€","timestamp":"06-05-2026 12:16:05"}
{"level":"info","message":"Cheapest rate selected: GLS Portugal at 6.50","timestamp":"06-05-2026 12:16:05"}
{"level":"info","message":"Secure request received from: academy-dev-store-2088.myshopify.com","timestamp":"06-05-2026 12:16:05"}
{"level":"info","message":"Processing national shipping","timestamp":"06-05-2026 12:16:05"}
{"level":"info","message":"Calculated CTT rate: Origin 4470-177, Destination 4505-141, Weight 1.5kg, Base Price 8.25, Home Delivery 2.95, Total 11.2","timestamp":"06-05-2026 12:16:05"}
{"level":"info","message":"GLS route validated successfully for ZIP 4505-141 in PT. Calculated price: 6.50€","timestamp":"06-05-2026 12:16:06"}
{"level":"info","message":"Cheapest rate selected: GLS Portugal at 6.50","timestamp":"06-05-2026 12:16:06"}
{"level":"info","message":"Secure request received from: academy-dev-store-2088.myshopify.com","timestamp":"06-05-2026 12:22:00"}
{"level":"info","message":"Processing national shipping","timestamp":"06-05-2026 12:22:00"}
{"level":"info","message":"Calculated CTT rate: Origin 4470-177, Destination 4505-141, Weight 1.5kg, Base Price 8.25, Home Delivery 2.95, Total 11.2","timestamp":"06-05-2026 12:22:00"}
{"level":"info","message":"GLS route validated successfully for ZIP 4505-141 in PT. Calculated price: 6.50€","timestamp":"06-05-2026 12:22:01"}
{"level":"info","message":"Cheapest rate selected: GLS Portugal at 6.50","timestamp":"06-05-2026 12:22:01"}
{"level":"info","message":"Secure request received from: academy-dev-store-2088.myshopify.com","timestamp":"06-05-2026 12:22:01"}
{"level":"info","message":"Processing national shipping","timestamp":"06-05-2026 12:22:01"}
{"level":"info","message":"Calculated CTT rate: Origin 4470-177, Destination 4505-141, Weight 1.5kg, Base Price 8.25, Home Delivery 2.95, Total 11.2","timestamp":"06-05-2026 12:22:01"}
{"level":"info","message":"GLS route validated successfully for ZIP 4505-141 in PT. Calculated price: 6.50€","timestamp":"06-05-2026 12:22:02"}
{"level":"info","message":"Cheapest rate selected: GLS Portugal at 6.50","timestamp":"06-05-2026 12:22:02"}
{"level":"info","message":"Secure request received from: academy-dev-store-2088.myshopify.com","timestamp":"06-05-2026 12:25:07"}
{"level":"info","message":"Processing international shipping","timestamp":"06-05-2026 12:25:07"}
{"level":"info","message":"GLS route validated successfully for ZIP 63880 in FR. Calculated price: 21.00€","timestamp":"06-05-2026 12:25:08"}
{"level":"info","message":"FedEx returned 3 rate options for ZIP 63880 in FR.","timestamp":"06-05-2026 12:25:10"}
{"level":"info","message":"Cheapest rate selected: GLS Europe (Zone Euro I) at 21.00","timestamp":"06-05-2026 12:25:10"}
{"level":"info","message":"Secure request received from: academy-dev-store-2088.myshopify.com","timestamp":"06-05-2026 12:25:25"}
{"level":"info","message":"Processing international shipping","timestamp":"06-05-2026 12:25:25"}
{"level":"info","message":"FedEx returned 5 rate options for ZIP 20166 in US.","timestamp":"06-05-2026 12:25:30"}
{"level":"info","message":"Cheapest rate selected: FedEx FedEx International Connect Plus at 317.00","timestamp":"06-05-2026 12:25:30"}
{"level":"info","message":"Secure request received from: academy-dev-store-2088.myshopify.com","timestamp":"06-05-2026 12:31:28"}
{"level":"info","message":"Processing international shipping","timestamp":"06-05-2026 12:31:28"}
{"level":"info","message":"FedEx returned 5 rate options for ZIP 20166 in US.","timestamp":"06-05-2026 12:31:31"}
{"level":"info","message":"Cheapest rate selected: FedEx FedEx International Connect Plus at 317.00","timestamp":"06-05-2026 12:31:31"}
{"level":"info","message":"Secure request received from: academy-dev-store-2088.myshopify.com","timestamp":"06-05-2026 13:15:29"}
{"level":"info","message":"Processing national shipping","timestamp":"06-05-2026 13:15:29"}
{"level":"info","message":"Calculated CTT rate: Origin 4470-177, Destination 4505-141, Weight 1.5kg, Base Price 8.25, Home Delivery 2.95, Total 11.2","timestamp":"06-05-2026 13:15:29"}
{"level":"info","message":"GLS route validated successfully for ZIP 4505-141 in PT. Calculated price: 6.50€","timestamp":"06-05-2026 13:15:30"}
{"level":"info","message":"Cheapest rate selected: GLS Portugal at 6.50","timestamp":"06-05-2026 13:15:30"}
{"level":"info","message":"Secure request received from: academy-dev-store-2088.myshopify.com","timestamp":"06-05-2026 13:15:30"}
{"level":"info","message":"Processing national shipping","timestamp":"06-05-2026 13:15:30"}
{"level":"info","message":"Calculated CTT rate: Origin 4470-177, Destination 4505-141, Weight 1.5kg, Base Price 8.25, Home Delivery 2.95, Total 11.2","timestamp":"06-05-2026 13:15:30"}
{"level":"info","message":"GLS route validated successfully for ZIP 4505-141 in PT. Calculated price: 6.50€","timestamp":"06-05-2026 13:15:31"}
{"level":"info","message":"Cheapest rate selected: GLS Portugal at 6.50","timestamp":"06-05-2026 13:15:31"}
{"level":"info","message":"Secure request received from: academy-dev-store-2088.myshopify.com","timestamp":"06-05-2026 13:16:51"}
{"level":"info","message":"Processing national shipping","timestamp":"06-05-2026 13:16:51"}
{"level":"info","message":"Calculated base price for islands: 12.85 EUR for weight: 1.5kg","timestamp":"06-05-2026 13:16:51"}
{"level":"info","message":"Calculated CTT rate: Origin 4470-177, Destination 9050-028, Weight 1.5kg, Base Price 0, Home Delivery 2.95, Total 2.95","timestamp":"06-05-2026 13:16:51"}
{"level":"info","message":"GLS route validated successfully for ZIP 9050-028 in PT. Calculated price: 31.40€","timestamp":"06-05-2026 13:16:51"}
{"level":"info","message":"Cheapest rate selected: CTT Encomenda Postal at 2.95","timestamp":"06-05-2026 13:16:51"}
{"level":"info","message":"Secure request received from: academy-dev-store-2088.myshopify.com","timestamp":"06-05-2026 13:20:29"}
{"level":"info","message":"Processing national shipping","timestamp":"06-05-2026 13:20:29"}
{"level":"info","message":"Calculated base price for islands: 12.85 EUR for weight: 1.5kg","timestamp":"06-05-2026 13:20:29"}
{"level":"info","message":"Calculated CTT rate: Origin 4470-177, Destination 9050-028, Weight 1.5kg, Base Price 12.85, Home Delivery 2.95, Total 15.8","timestamp":"06-05-2026 13:20:29"}
{"level":"info","message":"GLS route validated successfully for ZIP 9050-028 in PT. Calculated price: 31.40€","timestamp":"06-05-2026 13:20:30"}
{"level":"info","message":"Cheapest rate selected: CTT Encomenda Postal at 15.80","timestamp":"06-05-2026 13:20:30"}
{"level":"info","message":"Secure request received from: academy-dev-store-2088.myshopify.com","timestamp":"06-05-2026 13:22:01"}
{"level":"info","message":"Processing national shipping","timestamp":"06-05-2026 13:22:01"}
{"level":"info","message":"Calculated base price for islands: 12.85 EUR for weight: 2kg","timestamp":"06-05-2026 13:22:01"}
{"level":"info","message":"Calculated CTT rate: Origin 4470-177, Destination 9050-028, Weight 2kg, Base Price 12.85, Home Delivery 2.95, Total 15.8","timestamp":"06-05-2026 13:22:01"}
{"level":"info","message":"GLS route validated successfully for ZIP 9050-028 in PT. Calculated price: 31.40€","timestamp":"06-05-2026 13:22:01"}
{"level":"info","message":"Cart total meets free shipping threshold.","timestamp":"06-05-2026 13:22:01"}
{"level":"info","message":"Cheapest rate selected: GLS Portugal at 0.00","timestamp":"06-05-2026 13:22:01"}
{"level":"info","message":"Secure request received from: academy-dev-store-2088.myshopify.com","timestamp":"06-05-2026 14:23:35"}
{"level":"info","message":"Processing national shipping","timestamp":"06-05-2026 14:23:35"}
{"level":"info","message":"Calculated CTT rate: Origin 4470-177, Destination 4505-141, Weight 1.5kg, Base Price 8.25, Home Delivery 2.95, Total 11.2","timestamp":"06-05-2026 14:23:35"}
{"level":"info","message":"Secure request received from: academy-dev-store-2088.myshopify.com","timestamp":"06-05-2026 14:23:36"}
{"level":"info","message":"Processing national shipping","timestamp":"06-05-2026 14:23:36"}
{"level":"info","message":"Calculated CTT rate: Origin 4470-177, Destination 4505-141, Weight 1.5kg, Base Price 8.25, Home Delivery 2.95, Total 11.2","timestamp":"06-05-2026 14:23:36"}
{"level":"info","message":"GLS route validated successfully for ZIP 4505-141 in PT. Calculated price: 6.50€","timestamp":"06-05-2026 14:23:36"}
{"level":"info","message":"GLS route validated successfully for ZIP 4505-141 in PT. Calculated price: 6.50€","timestamp":"06-05-2026 14:23:36"}
{"level":"info","message":"Cheapest rate selected: GLS Portugal at 6.50","timestamp":"06-05-2026 14:23:36"}
{"level":"info","message":"Cheapest rate selected: GLS Portugal at 6.50","timestamp":"06-05-2026 14:23:36"}
{"level":"info","message":"Secure request received from: academy-dev-store-2088.myshopify.com","timestamp":"06-05-2026 14:23:42"}
{"level":"info","message":"Processing national shipping","timestamp":"06-05-2026 14:23:42"}
{"level":"info","message":"Calculated CTT rate: Origin 4470-177, Destination 4505-141, Weight 1.5kg, Base Price 8.25, Home Delivery 2.95, Total 11.2","timestamp":"06-05-2026 14:23:42"}
{"level":"info","message":"GLS route validated successfully for ZIP 4505-141 in PT. Calculated price: 6.50€","timestamp":"06-05-2026 14:23:42"}
{"level":"info","message":"Cheapest rate selected: GLS Portugal at 6.50","timestamp":"06-05-2026 14:23:42"}
{"level":"info","message":"Secure request received from: academy-dev-store-2088.myshopify.com","timestamp":"11-05-2026 15:53:48"}
{"level":"info","message":"Processing Shipping Rates with available carriers...","timestamp":"11-05-2026 15:53:48"}
{"level":"error","message":"Critical error fetching Rates: Invalid time value","stack":"RangeError: Invalid time value\n    at Date.toISOString (<anonymous>)\n    at getDeliveryDate (/Users/skrey-andresantos/Documents/Projects/shipping-app/app/utils/DeliveryDate.ts:6:56)\n    at calculateTableRates (/Users/skrey-andresantos/Documents/Projects/shipping-app/app/utils/rates/tableRates.ts:28:69)\n    at fetchFinalRate (/Users/skrey-andresantos/Documents/Projects/shipping-app/app/services/finalCarrier.ts:40:75)\n    at action (/Users/skrey-andresantos/Documents/Projects/shipping-app/app/routes/api.shippingRates.tsx:84:23)\n    at Object.callRouteAction (/Users/skrey-andresantos/Documents/Projects/shipping-app/node_modules/@remix-run/server-runtime/dist/data.js:36:16)\n    at /Users/skrey-andresantos/Documents/Projects/shipping-app/node_modules/@remix-run/router/router.ts:4936:19\n    at callLoaderOrAction (/Users/skrey-andresantos/Documents/Projects/shipping-app/node_modules/@remix-run/router/router.ts:5000:16)\n    at async Promise.all (index 0)\n    at defaultDataStrategy (/Users/skrey-andresantos/Documents/Projects/shipping-app/node_modules/@remix-run/router/router.ts:4809:17)\n    at callDataStrategyImpl (/Users/skrey-andresantos/Documents/Projects/shipping-app/node_modules/@remix-run/router/router.ts:4872:17)\n    at callDataStrategy (/Users/skrey-andresantos/Documents/Projects/shipping-app/node_modules/@remix-run/router/router.ts:4029:19)\n    at submit (/Users/skrey-andresantos/Documents/Projects/shipping-app/node_modules/@remix-run/router/router.ts:3792:21)\n    at queryImpl (/Users/skrey-andresantos/Documents/Projects/shipping-app/node_modules/@remix-run/router/router.ts:3721:22)\n    at Object.queryRoute (/Users/skrey-andresantos/Documents/Projects/shipping-app/node_modules/@remix-run/router/router.ts:3666:18)\n    at handleResourceRequest (/Users/skrey-andresantos/Documents/Projects/shipping-app/node_modules/@remix-run/server-runtime/dist/server.js:444:20)\n    at requestHandler (/Users/skrey-andresantos/Documents/Projects/shipping-app/node_modules/@remix-run/server-runtime/dist/server.js:167:18)\n    at nodeHandler (/Users/skrey-andresantos/Documents/Projects/shipping-app/node_modules/@remix-run/dev/dist/vite/plugin.js:859:27)\n    at /Users/skrey-andresantos/Documents/Projects/shipping-app/node_modules/@remix-run/dev/dist/vite/plugin.js:862:15","timestamp":"11-05-2026 15:53:48"}
{"level":"warn","message":"No carrier rates could be fetched, returning fallback rate.","timestamp":"11-05-2026 15:53:48"}
{"level":"info","message":"Secure request received from: academy-dev-store-2088.myshopify.com","timestamp":"11-05-2026 15:53:49"}
{"level":"info","message":"Processing Shipping Rates with available carriers...","timestamp":"11-05-2026 15:53:49"}
{"level":"error","message":"Critical error fetching Rates: Invalid time value","stack":"RangeError: Invalid time value\n    at Date.toISOString (<anonymous>)\n    at getDeliveryDate (/Users/skrey-andresantos/Documents/Projects/shipping-app/app/utils/DeliveryDate.ts:6:56)\n    at calculateTableRates (/Users/skrey-andresantos/Documents/Projects/shipping-app/app/utils/rates/tableRates.ts:28:69)\n    at fetchFinalRate (/Users/skrey-andresantos/Documents/Projects/shipping-app/app/services/finalCarrier.ts:40:75)\n    at action (/Users/skrey-andresantos/Documents/Projects/shipping-app/app/routes/api.shippingRates.tsx:84:23)\n    at Object.callRouteAction (/Users/skrey-andresantos/Documents/Projects/shipping-app/node_modules/@remix-run/server-runtime/dist/data.js:36:16)\n    at /Users/skrey-andresantos/Documents/Projects/shipping-app/node_modules/@remix-run/router/router.ts:4936:19\n    at callLoaderOrAction (/Users/skrey-andresantos/Documents/Projects/shipping-app/node_modules/@remix-run/router/router.ts:5000:16)\n    at async Promise.all (index 0)\n    at defaultDataStrategy (/Users/skrey-andresantos/Documents/Projects/shipping-app/node_modules/@remix-run/router/router.ts:4809:17)\n    at callDataStrategyImpl (/Users/skrey-andresantos/Documents/Projects/shipping-app/node_modules/@remix-run/router/router.ts:4872:17)\n    at callDataStrategy (/Users/skrey-andresantos/Documents/Projects/shipping-app/node_modules/@remix-run/router/router.ts:4029:19)\n    at submit (/Users/skrey-andresantos/Documents/Projects/shipping-app/node_modules/@remix-run/router/router.ts:3792:21)\n    at queryImpl (/Users/skrey-andresantos/Documents/Projects/shipping-app/node_modules/@remix-run/router/router.ts:3721:22)\n    at Object.queryRoute (/Users/skrey-andresantos/Documents/Projects/shipping-app/node_modules/@remix-run/router/router.ts:3666:18)\n    at handleResourceRequest (/Users/skrey-andresantos/Documents/Projects/shipping-app/node_modules/@remix-run/server-runtime/dist/server.js:444:20)\n    at requestHandler (/Users/skrey-andresantos/Documents/Projects/shipping-app/node_modules/@remix-run/server-runtime/dist/server.js:167:18)\n    at nodeHandler (/Users/skrey-andresantos/Documents/Projects/shipping-app/node_modules/@remix-run/dev/dist/vite/plugin.js:859:27)\n    at /Users/skrey-andresantos/Documents/Projects/shipping-app/node_modules/@remix-run/dev/dist/vite/plugin.js:862:15","timestamp":"11-05-2026 15:53:49"}
{"level":"warn","message":"No carrier rates could be fetched, returning fallback rate.","timestamp":"11-05-2026 15:53:49"}
{"level":"info","message":"Secure request received from: academy-dev-store-2088.myshopify.com","timestamp":"11-05-2026 15:55:23"}
{"level":"info","message":"Processing Shipping Rates with available carriers...","timestamp":"11-05-2026 15:55:23"}
{"level":"error","message":"Critical error fetching Rates: calculateAPIRates is not defined","stack":"ReferenceError: calculateAPIRates is not defined\n    at fetchFinalRate (/Users/skrey-andresantos/Documents/Projects/shipping-app/app/services/finalCarrier.ts:41:22)\n    at action (/Users/skrey-andresantos/Documents/Projects/shipping-app/app/routes/api.shippingRates.tsx:84:23)\n    at Object.callRouteAction (/Users/skrey-andresantos/Documents/Projects/shipping-app/node_modules/@remix-run/server-runtime/dist/data.js:36:16)\n    at /Users/skrey-andresantos/Documents/Projects/shipping-app/node_modules/@remix-run/router/router.ts:4936:19\n    at callLoaderOrAction (/Users/skrey-andresantos/Documents/Projects/shipping-app/node_modules/@remix-run/router/router.ts:5000:16)\n    at async Promise.all (index 0)\n    at defaultDataStrategy (/Users/skrey-andresantos/Documents/Projects/shipping-app/node_modules/@remix-run/router/router.ts:4809:17)\n    at callDataStrategyImpl (/Users/skrey-andresantos/Documents/Projects/shipping-app/node_modules/@remix-run/router/router.ts:4872:17)\n    at callDataStrategy (/Users/skrey-andresantos/Documents/Projects/shipping-app/node_modules/@remix-run/router/router.ts:4029:19)\n    at submit (/Users/skrey-andresantos/Documents/Projects/shipping-app/node_modules/@remix-run/router/router.ts:3792:21)\n    at queryImpl (/Users/skrey-andresantos/Documents/Projects/shipping-app/node_modules/@remix-run/router/router.ts:3721:22)\n    at Object.queryRoute (/Users/skrey-andresantos/Documents/Projects/shipping-app/node_modules/@remix-run/router/router.ts:3666:18)\n    at handleResourceRequest (/Users/skrey-andresantos/Documents/Projects/shipping-app/node_modules/@remix-run/server-runtime/dist/server.js:444:20)\n    at requestHandler (/Users/skrey-andresantos/Documents/Projects/shipping-app/node_modules/@remix-run/server-runtime/dist/server.js:167:18)\n    at nodeHandler (/Users/skrey-andresantos/Documents/Projects/shipping-app/node_modules/@remix-run/dev/dist/vite/plugin.js:859:27)\n    at /Users/skrey-andresantos/Documents/Projects/shipping-app/node_modules/@remix-run/dev/dist/vite/plugin.js:862:15","timestamp":"11-05-2026 15:55:23"}
{"level":"warn","message":"No carrier rates could be fetched, returning fallback rate.","timestamp":"11-05-2026 15:55:23"}
{"level":"info","message":"Secure request received from: academy-dev-store-2088.myshopify.com","timestamp":"11-05-2026 15:55:24"}
{"level":"info","message":"Processing Shipping Rates with available carriers...","timestamp":"11-05-2026 15:55:24"}
{"level":"error","message":"Critical error fetching Rates: calculateAPIRates is not defined","stack":"ReferenceError: calculateAPIRates is not defined\n    at fetchFinalRate (/Users/skrey-andresantos/Documents/Projects/shipping-app/app/services/finalCarrier.ts:41:22)\n    at action (/Users/skrey-andresantos/Documents/Projects/shipping-app/app/routes/api.shippingRates.tsx:84:23)\n    at Object.callRouteAction (/Users/skrey-andresantos/Documents/Projects/shipping-app/node_modules/@remix-run/server-runtime/dist/data.js:36:16)\n    at /Users/skrey-andresantos/Documents/Projects/shipping-app/node_modules/@remix-run/router/router.ts:4936:19\n    at callLoaderOrAction (/Users/skrey-andresantos/Documents/Projects/shipping-app/node_modules/@remix-run/router/router.ts:5000:16)\n    at async Promise.all (index 0)\n    at defaultDataStrategy (/Users/skrey-andresantos/Documents/Projects/shipping-app/node_modules/@remix-run/router/router.ts:4809:17)\n    at callDataStrategyImpl (/Users/skrey-andresantos/Documents/Projects/shipping-app/node_modules/@remix-run/router/router.ts:4872:17)\n    at callDataStrategy (/Users/skrey-andresantos/Documents/Projects/shipping-app/node_modules/@remix-run/router/router.ts:4029:19)\n    at submit (/Users/skrey-andresantos/Documents/Projects/shipping-app/node_modules/@remix-run/router/router.ts:3792:21)\n    at queryImpl (/Users/skrey-andresantos/Documents/Projects/shipping-app/node_modules/@remix-run/router/router.ts:3721:22)\n    at Object.queryRoute (/Users/skrey-andresantos/Documents/Projects/shipping-app/node_modules/@remix-run/router/router.ts:3666:18)\n    at handleResourceRequest (/Users/skrey-andresantos/Documents/Projects/shipping-app/node_modules/@remix-run/server-runtime/dist/server.js:444:20)\n    at requestHandler (/Users/skrey-andresantos/Documents/Projects/shipping-app/node_modules/@remix-run/server-runtime/dist/server.js:167:18)\n    at nodeHandler (/Users/skrey-andresantos/Documents/Projects/shipping-app/node_modules/@remix-run/dev/dist/vite/plugin.js:859:27)\n    at /Users/skrey-andresantos/Documents/Projects/shipping-app/node_modules/@remix-run/dev/dist/vite/plugin.js:862:15","timestamp":"11-05-2026 15:55:24"}
{"level":"warn","message":"No carrier rates could be fetched, returning fallback rate.","timestamp":"11-05-2026 15:55:24"}
{"level":"info","message":"Secure request received from: academy-dev-store-2088.myshopify.com","timestamp":"11-05-2026 15:57:09"}
{"level":"info","message":"Processing Shipping Rates with available carriers...","timestamp":"11-05-2026 15:57:09"}
{"level":"info","message":"Cheapest rate selected: CTT Expresso at 10.00","timestamp":"11-05-2026 15:57:09"}
{"level":"warn","message":"No carrier rates could be fetched, returning fallback rate.","timestamp":"11-05-2026 15:57:09"}
{"level":"info","message":"Secure request received from: academy-dev-store-2088.myshopify.com","timestamp":"11-05-2026 15:57:09"}
{"level":"info","message":"Processing Shipping Rates with available carriers...","timestamp":"11-05-2026 15:57:09"}
{"level":"info","message":"Cheapest rate selected: CTT Expresso at 10.00","timestamp":"11-05-2026 15:57:09"}
{"level":"warn","message":"No carrier rates could be fetched, returning fallback rate.","timestamp":"11-05-2026 15:57:09"}
{"level":"info","message":"Secure request received from: academy-dev-store-2088.myshopify.com","timestamp":"11-05-2026 16:01:42"}
{"level":"info","message":"Processing Shipping Rates with available carriers...","timestamp":"11-05-2026 16:01:42"}
{"level":"info","message":"Cheapest rate selected: CTT Expresso at 10.00","timestamp":"11-05-2026 16:01:42"}
{"level":"info","message":"Secure request received from: academy-dev-store-2088.myshopify.com","timestamp":"11-05-2026 16:01:43"}
{"level":"info","message":"Processing Shipping Rates with available carriers...","timestamp":"11-05-2026 16:01:43"}
{"level":"info","message":"Cheapest rate selected: CTT Expresso at 10.00","timestamp":"11-05-2026 16:01:43"}
{"level":"info","message":"Secure request received from: academy-dev-store-2088.myshopify.com","timestamp":"11-05-2026 16:02:58"}
{"level":"info","message":"Processing Shipping Rates with available carriers...","timestamp":"11-05-2026 16:02:58"}
{"level":"info","message":"Cheapest rate selected: CTT Expresso at 10.00","timestamp":"11-05-2026 16:02:58"}
{"level":"info","message":"Secure request received from: academy-dev-store-2088.myshopify.com","timestamp":"11-05-2026 16:02:59"}
{"level":"info","message":"Processing Shipping Rates with available carriers...","timestamp":"11-05-2026 16:02:59"}
{"level":"info","message":"Cheapest rate selected: CTT Expresso at 10.00","timestamp":"11-05-2026 16:02:59"}
{"level":"info","message":"Secure request received from: academy-dev-store-2088.myshopify.com","timestamp":"11-05-2026 16:12:40"}
{"level":"info","message":"Processing Shipping Rates with available carriers...","timestamp":"11-05-2026 16:12:40"}
{"level":"info","message":"Cheapest rate selected: CTT Expresso at 10.00","timestamp":"11-05-2026 16:12:40"}
{"level":"info","message":"Secure request received from: academy-dev-store-2088.myshopify.com","timestamp":"11-05-2026 16:12:41"}
{"level":"info","message":"Processing Shipping Rates with available carriers...","timestamp":"11-05-2026 16:12:41"}
{"level":"info","message":"Cheapest rate selected: CTT Expresso at 10.00","timestamp":"11-05-2026 16:12:41"}
{"level":"info","message":"Secure request received from: academy-dev-store-2088.myshopify.com","timestamp":"11-05-2026 16:14:07"}
{"level":"info","message":"Processing Shipping Rates with available carriers...","timestamp":"11-05-2026 16:14:07"}
{"level":"info","message":"Cheapest rate selected: CTT Expresso at 10.00","timestamp":"11-05-2026 16:14:07"}
{"level":"info","message":"Secure request received from: academy-dev-store-2088.myshopify.com","timestamp":"11-05-2026 16:14:08"}
{"level":"info","message":"Processing Shipping Rates with available carriers...","timestamp":"11-05-2026 16:14:08"}
{"level":"info","message":"Cheapest rate selected: CTT Expresso at 10.00","timestamp":"11-05-2026 16:14:08"}
{"level":"info","message":"Secure request received from: academy-dev-store-2088.myshopify.com","timestamp":"11-05-2026 16:17:01"}
{"level":"info","message":"Processing Shipping Rates with available carriers...","timestamp":"11-05-2026 16:17:01"}
{"level":"info","message":"Cheapest rate selected: CTT Expresso at 10.00 Operado por CTT","timestamp":"11-05-2026 16:17:01"}
{"level":"info","message":"Secure request received from: academy-dev-store-2088.myshopify.com","timestamp":"11-05-2026 16:17:02"}
{"level":"info","message":"Processing Shipping Rates with available carriers...","timestamp":"11-05-2026 16:17:02"}
{"level":"info","message":"Cheapest rate selected: CTT Expresso at 10.00 Operado por CTT","timestamp":"11-05-2026 16:17:02"}
{"level":"info","message":"Secure request received from: academy-dev-store-2088.myshopify.com","timestamp":"11-05-2026 16:44:50"}
{"level":"info","message":"Processing Shipping Rates with available carriers...","timestamp":"11-05-2026 16:44:50"}
{"level":"info","message":"Cheapest rate selected: CTT Expresso at 10.00","timestamp":"11-05-2026 16:44:50"}
{"level":"info","message":"Secure request received from: academy-dev-store-2088.myshopify.com","timestamp":"11-05-2026 16:44:51"}
{"level":"info","message":"Processing Shipping Rates with available carriers...","timestamp":"11-05-2026 16:44:51"}
{"level":"info","message":"Cheapest rate selected: CTT Expresso at 10.00","timestamp":"11-05-2026 16:44:51"}
{"level":"info","message":"Secure request received from: academy-dev-store-2088.myshopify.com","timestamp":"11-05-2026 16:52:19"}
{"level":"info","message":"Processing Shipping Rates with available carriers...","timestamp":"11-05-2026 16:52:19"}
{"level":"warn","message":"No carrier rates could be fetched, returning fallback rate.","timestamp":"11-05-2026 16:52:19"}
{"level":"info","message":"Secure request received from: academy-dev-store-2088.myshopify.com","timestamp":"12-05-2026 10:50:57"}
{"level":"info","message":"Secure request received from: academy-dev-store-2088.myshopify.com","timestamp":"12-05-2026 10:50:57"}
{"level":"info","message":"Processing Shipping Rates with available carriers...","timestamp":"12-05-2026 10:50:58"}
{"level":"info","message":"Processing Shipping Rates with available carriers...","timestamp":"12-05-2026 10:50:58"}
{"level":"info","message":"Added table rate for carrier CTT Expresso: 8 EUR","timestamp":"12-05-2026 10:50:58"}
{"level":"info","message":"Cheapest rate selected: CTT Expresso at 8.00","timestamp":"12-05-2026 10:50:58"}
{"level":"info","message":"Added table rate for carrier CTT Expresso: 8 EUR","timestamp":"12-05-2026 10:50:58"}
{"level":"info","message":"Cheapest rate selected: CTT Expresso at 8.00","timestamp":"12-05-2026 10:50:58"}
{"level":"info","message":"Secure request received from: academy-dev-store-2088.myshopify.com","timestamp":"12-05-2026 10:52:06"}
{"level":"info","message":"Processing Shipping Rates with available carriers...","timestamp":"12-05-2026 10:52:06"}
{"level":"info","message":"Added table rate for carrier CTT Expresso: 8 EUR","timestamp":"12-05-2026 10:52:06"}
{"level":"info","message":"Cheapest rate selected: CTT Expresso at 8.00","timestamp":"12-05-2026 10:52:06"}
{"level":"info","message":"Secure request received from: academy-dev-store-2088.myshopify.com","timestamp":"12-05-2026 10:52:09"}
{"level":"info","message":"Processing Shipping Rates with available carriers...","timestamp":"12-05-2026 10:52:09"}
{"level":"info","message":"Added table rate for carrier CTT Expresso: 8 EUR","timestamp":"12-05-2026 10:52:09"}
{"level":"info","message":"Cheapest rate selected: CTT Expresso at 8.00","timestamp":"12-05-2026 10:52:09"}
{"level":"info","message":"Secure request received from: academy-dev-store-2088.myshopify.com","timestamp":"12-05-2026 11:58:52"}
{"level":"info","message":"Processing Shipping Rates with available carriers...","timestamp":"12-05-2026 11:58:52"}
{"level":"info","message":"Added table rate for carrier CTT Expresso: 8 EUR","timestamp":"12-05-2026 11:58:52"}
{"level":"info","message":"No matching table rate found for carrier GLS","timestamp":"12-05-2026 11:58:52"}
{"level":"info","message":"Cheapest rate selected: CTT Expresso at 8.00","timestamp":"12-05-2026 11:58:52"}
{"level":"info","message":"Secure request received from: academy-dev-store-2088.myshopify.com","timestamp":"12-05-2026 11:58:53"}
{"level":"info","message":"Processing Shipping Rates with available carriers...","timestamp":"12-05-2026 11:58:53"}
{"level":"info","message":"Added table rate for carrier CTT Expresso: 8 EUR","timestamp":"12-05-2026 11:58:53"}
{"level":"info","message":"No matching table rate found for carrier GLS","timestamp":"12-05-2026 11:58:53"}
{"level":"info","message":"Cheapest rate selected: CTT Expresso at 8.00","timestamp":"12-05-2026 11:58:53"}
{"level":"info","message":"Secure request received from: academy-dev-store-2088.myshopify.com","timestamp":"12-05-2026 12:11:43"}
{"level":"info","message":"Processing Shipping Rates with available carriers...","timestamp":"12-05-2026 12:11:43"}
{"level":"info","message":"Added table rate for carrier CTT Expresso: 8 EUR","timestamp":"12-05-2026 12:11:43"}
{"level":"info","message":"Added table rate for carrier GLS: 5 EUR","timestamp":"12-05-2026 12:11:43"}
{"level":"info","message":"Cheapest rate selected: GLS at 5.00","timestamp":"12-05-2026 12:11:43"}
{"level":"info","message":"Secure request received from: academy-dev-store-2088.myshopify.com","timestamp":"12-05-2026 12:11:43"}
{"level":"info","message":"Processing Shipping Rates with available carriers...","timestamp":"12-05-2026 12:11:43"}
{"level":"info","message":"Added table rate for carrier CTT Expresso: 8 EUR","timestamp":"12-05-2026 12:11:43"}
{"level":"info","message":"Added table rate for carrier GLS: 5 EUR","timestamp":"12-05-2026 12:11:43"}
{"level":"info","message":"Cheapest rate selected: GLS at 5.00","timestamp":"12-05-2026 12:11:43"}
{"level":"info","message":"Secure request received from: academy-dev-store-2088.myshopify.com","timestamp":"12-05-2026 12:12:08"}
{"level":"info","message":"Processing Shipping Rates with available carriers...","timestamp":"12-05-2026 12:12:08"}
{"level":"info","message":"No matching table rate found for carrier CTT Expresso in zone Europa","timestamp":"12-05-2026 12:12:08"}
{"level":"info","message":"Added table rate for carrier GLS: 15 EUR","timestamp":"12-05-2026 12:12:08"}
{"level":"info","message":"Cheapest rate selected: GLS at 15.00","timestamp":"12-05-2026 12:12:08"}
{"level":"info","message":"Secure request received from: academy-dev-store-2088.myshopify.com","timestamp":"12-05-2026 15:04:20"}
{"level":"info","message":"Processing Shipping Rates with available carriers...","timestamp":"12-05-2026 15:04:20"}
{"level":"info","message":"No matching table rate found for carrier CTT Expresso in zone Europa","timestamp":"12-05-2026 15:04:20"}
{"level":"info","message":"Added table rate for carrier GLS: 15 EUR","timestamp":"12-05-2026 15:04:20"}
{"level":"info","message":"Cheapest rate selected: GLS at 15.00","timestamp":"12-05-2026 15:04:20"}
{"level":"info","message":"Secure request received from: academy-dev-store-2088.myshopify.com","timestamp":"12-05-2026 15:08:51"}
{"level":"info","message":"Processing Shipping Rates with available carriers...","timestamp":"12-05-2026 15:08:51"}
{"level":"info","message":"Added table rate for carrier CTT Expresso: 8 EUR","timestamp":"12-05-2026 15:08:51"}
{"level":"info","message":"Added table rate for carrier GLS: 5 EUR","timestamp":"12-05-2026 15:08:51"}
{"level":"info","message":"Cheapest rate selected: GLS at 5.00","timestamp":"12-05-2026 15:08:51"}
{"level":"info","message":"Secure request received from: academy-dev-store-2088.myshopify.com","timestamp":"12-05-2026 15:10:55"}
{"level":"info","message":"Processing Shipping Rates with available carriers...","timestamp":"12-05-2026 15:10:55"}
{"level":"info","message":"Added table rate for carrier CTT Expresso: 8 EUR","timestamp":"12-05-2026 15:10:55"}
{"level":"info","message":"Cheapest rate selected: CTT Expresso at 8.00","timestamp":"12-05-2026 15:10:55"}
{"level":"info","message":"Secure request received from: academy-dev-store-2088.myshopify.com","timestamp":"12-05-2026 15:10:57"}
{"level":"info","message":"Processing Shipping Rates with available carriers...","timestamp":"12-05-2026 15:10:57"}
{"level":"info","message":"Added table rate for carrier CTT Expresso: 8 EUR","timestamp":"12-05-2026 15:10:57"}
{"level":"info","message":"Cheapest rate selected: CTT Expresso at 8.00","timestamp":"12-05-2026 15:10:57"}
{"level":"info","message":"Secure request received from: academy-dev-store-2088.myshopify.com","timestamp":"13-05-2026 11:00:06"}
{"level":"info","message":"Processing Shipping Rates with available carriers...","timestamp":"13-05-2026 11:00:06"}
{"level":"info","message":"Added table rate for carrier CTT Expresso: 8 EUR","timestamp":"13-05-2026 11:00:06"}
{"level":"info","message":"Added table rate for carrier GLS Tabela: 5 EUR","timestamp":"13-05-2026 11:00:06"}
{"level":"info","message":"Cheapest rate selected: GLS Tabela at 5.00","timestamp":"13-05-2026 11:00:06"}
{"level":"info","message":"Secure request received from: academy-dev-store-2088.myshopify.com","timestamp":"13-05-2026 11:00:07"}
{"level":"info","message":"Processing Shipping Rates with available carriers...","timestamp":"13-05-2026 11:00:07"}
{"level":"info","message":"Added table rate for carrier CTT Expresso: 8 EUR","timestamp":"13-05-2026 11:00:07"}
{"level":"info","message":"Added table rate for carrier GLS Tabela: 5 EUR","timestamp":"13-05-2026 11:00:07"}
{"level":"info","message":"Cheapest rate selected: GLS Tabela at 5.00","timestamp":"13-05-2026 11:00:07"}
{"level":"info","message":"Secure request received from: academy-dev-store-2088.myshopify.com","timestamp":"13-05-2026 11:07:41"}
{"level":"info","message":"Processing Shipping Rates with available carriers...","timestamp":"13-05-2026 11:07:41"}
{"level":"info","message":"Added table rate for carrier CTT Expresso: 8 EUR","timestamp":"13-05-2026 11:07:41"}
{"level":"info","message":"Added table rate for carrier GLS Tabela: 5 EUR","timestamp":"13-05-2026 11:07:41"}
{"level":"info","message":"Cheapest rate selected: GLS Tabela at 0.00","timestamp":"13-05-2026 11:07:41"}
{"level":"info","message":"Secure request received from: academy-dev-store-2088.myshopify.com","timestamp":"13-05-2026 11:07:42"}
{"level":"info","message":"Processing Shipping Rates with available carriers...","timestamp":"13-05-2026 11:07:42"}
{"level":"info","message":"Added table rate for carrier CTT Expresso: 8 EUR","timestamp":"13-05-2026 11:07:42"}
{"level":"info","message":"Added table rate for carrier GLS Tabela: 5 EUR","timestamp":"13-05-2026 11:07:42"}
{"level":"info","message":"Cheapest rate selected: GLS Tabela at 0.00","timestamp":"13-05-2026 11:07:42"}
{"level":"info","message":"Secure request received from: academy-dev-store-2088.myshopify.com","timestamp":"13-05-2026 11:09:16"}
{"level":"info","message":"Processing Shipping Rates with available carriers...","timestamp":"13-05-2026 11:09:16"}
{"level":"info","message":"Added table rate for carrier CTT Expresso: 8 EUR","timestamp":"13-05-2026 11:09:16"}
{"level":"info","message":"Added table rate for carrier GLS Tabela: 5 EUR","timestamp":"13-05-2026 11:09:16"}
{"level":"info","message":"Cheapest rate selected: GLS Tabela at 0.00","timestamp":"13-05-2026 11:09:16"}
{"level":"info","message":"Secure request received from: academy-dev-store-2088.myshopify.com","timestamp":"13-05-2026 11:09:18"}
{"level":"info","message":"Processing Shipping Rates with available carriers...","timestamp":"13-05-2026 11:09:18"}
{"level":"info","message":"Added table rate for carrier CTT Expresso: 8 EUR","timestamp":"13-05-2026 11:09:18"}
{"level":"info","message":"Added table rate for carrier GLS Tabela: 5 EUR","timestamp":"13-05-2026 11:09:18"}
{"level":"info","message":"Cheapest rate selected: GLS Tabela at 0.00","timestamp":"13-05-2026 11:09:18"}
{"level":"info","message":"Secure request received from: academy-dev-store-2088.myshopify.com","timestamp":"13-05-2026 11:10:02"}
{"level":"info","message":"Processing Shipping Rates with available carriers...","timestamp":"13-05-2026 11:10:02"}
{"level":"info","message":"Added table rate for carrier CTT Expresso: 8 EUR","timestamp":"13-05-2026 11:10:02"}
{"level":"info","message":"Added table rate for carrier GLS Tabela: 5 EUR","timestamp":"13-05-2026 11:10:02"}
{"level":"info","message":"Cheapest rate selected: GLS Tabela at 0.00","timestamp":"13-05-2026 11:10:02"}
{"level":"info","message":"Secure request received from: academy-dev-store-2088.myshopify.com","timestamp":"13-05-2026 11:10:03"}
{"level":"info","message":"Processing Shipping Rates with available carriers...","timestamp":"13-05-2026 11:10:03"}
{"level":"info","message":"Added table rate for carrier CTT Expresso: 8 EUR","timestamp":"13-05-2026 11:10:03"}
{"level":"info","message":"Added table rate for carrier GLS Tabela: 5 EUR","timestamp":"13-05-2026 11:10:03"}
{"level":"info","message":"Cheapest rate selected: GLS Tabela at 0.00","timestamp":"13-05-2026 11:10:03"}
{"level":"info","message":"Secure request received from: academy-dev-store-2088.myshopify.com","timestamp":"13-05-2026 11:10:05"}
{"level":"info","message":"Processing Shipping Rates with available carriers...","timestamp":"13-05-2026 11:10:05"}
{"level":"info","message":"Added table rate for carrier CTT Expresso: 8 EUR","timestamp":"13-05-2026 11:10:05"}
{"level":"info","message":"Added table rate for carrier GLS Tabela: 5 EUR","timestamp":"13-05-2026 11:10:05"}
{"level":"info","message":"Cheapest rate selected: GLS Tabela at 0.00","timestamp":"13-05-2026 11:10:05"}
{"level":"info","message":"Secure request received from: academy-dev-store-2088.myshopify.com","timestamp":"13-05-2026 11:13:33"}
{"level":"info","message":"Processing Shipping Rates with available carriers...","timestamp":"13-05-2026 11:13:33"}
{"level":"info","message":"Added table rate for carrier CTT Expresso: 8 EUR","timestamp":"13-05-2026 11:13:33"}
{"level":"info","message":"Added table rate for carrier GLS Tabela: 5 EUR","timestamp":"13-05-2026 11:13:33"}
{"level":"info","message":"Cheapest rate selected: GLS Tabela at 5.00","timestamp":"13-05-2026 11:13:33"}
{"level":"info","message":"Secure request received from: academy-dev-store-2088.myshopify.com","timestamp":"13-05-2026 11:13:34"}
{"level":"info","message":"Processing Shipping Rates with available carriers...","timestamp":"13-05-2026 11:13:34"}
{"level":"info","message":"Added table rate for carrier CTT Expresso: 8 EUR","timestamp":"13-05-2026 11:13:34"}
{"level":"info","message":"Added table rate for carrier GLS Tabela: 5 EUR","timestamp":"13-05-2026 11:13:34"}
{"level":"info","message":"Cheapest rate selected: GLS Tabela at 5.00","timestamp":"13-05-2026 11:13:34"}
{"level":"info","message":"Secure request received from: academy-dev-store-2088.myshopify.com","timestamp":"13-05-2026 11:17:54"}
{"level":"info","message":"Processing Shipping Rates with available carriers...","timestamp":"13-05-2026 11:17:54"}
{"level":"info","message":"Added table rate for carrier CTT Expresso: 8 EUR","timestamp":"13-05-2026 11:17:54"}
{"level":"info","message":"Added table rate for carrier GLS Tabela: 5 EUR","timestamp":"13-05-2026 11:17:54"}
{"level":"info","message":"Cheapest rate selected: GLS Tabela at 0.00","timestamp":"13-05-2026 11:17:54"}
{"level":"info","message":"Secure request received from: academy-dev-store-2088.myshopify.com","timestamp":"13-05-2026 11:17:55"}
{"level":"info","message":"Processing Shipping Rates with available carriers...","timestamp":"13-05-2026 11:17:55"}
{"level":"info","message":"Added table rate for carrier CTT Expresso: 8 EUR","timestamp":"13-05-2026 11:17:55"}
{"level":"info","message":"Added table rate for carrier GLS Tabela: 5 EUR","timestamp":"13-05-2026 11:17:55"}
{"level":"info","message":"Cheapest rate selected: GLS Tabela at 0.00","timestamp":"13-05-2026 11:17:55"}
{"level":"info","message":"Secure request received from: academy-dev-store-2088.myshopify.com","timestamp":"13-05-2026 17:26:52"}
{"level":"info","message":"Processing Shipping Rates with available carriers...","timestamp":"13-05-2026 17:26:52"}
{"level":"info","message":"Added table rate for carrier CTT Expresso: 8 EUR","timestamp":"13-05-2026 17:26:52"}
{"level":"info","message":"Added table rate for carrier GLS Tabela: 5 EUR","timestamp":"13-05-2026 17:26:52"}
{"level":"info","message":"Cheapest rate selected: GLS Tabela at 5.00","timestamp":"13-05-2026 17:26:52"}
{"level":"info","message":"Secure request received from: academy-dev-store-2088.myshopify.com","timestamp":"13-05-2026 17:26:53"}
{"level":"info","message":"Processing Shipping Rates with available carriers...","timestamp":"13-05-2026 17:26:53"}
{"level":"info","message":"Added table rate for carrier CTT Expresso: 8 EUR","timestamp":"13-05-2026 17:26:53"}
{"level":"info","message":"Added table rate for carrier GLS Tabela: 5 EUR","timestamp":"13-05-2026 17:26:53"}
{"level":"info","message":"Cheapest rate selected: GLS Tabela at 5.00","timestamp":"13-05-2026 17:26:53"}
{"level":"info","message":"Secure request received from: academy-dev-store-2088.myshopify.com","timestamp":"14-05-2026 09:47:13"}
{"level":"info","message":"Processing Shipping Rates with available carriers...","timestamp":"14-05-2026 09:47:13"}
{"level":"info","message":"Added table rate for carrier CTT Expresso: 8 EUR","timestamp":"14-05-2026 09:47:13"}
{"level":"info","message":"Added table rate for carrier GLS Tabela: 5 EUR","timestamp":"14-05-2026 09:47:13"}
{"level":"info","message":"Cheapest rate selected: GLS Tabela at 5.00","timestamp":"14-05-2026 09:47:13"}
{"level":"info","message":"Secure request received from: academy-dev-store-2088.myshopify.com","timestamp":"14-05-2026 09:47:14"}
{"level":"info","message":"Processing Shipping Rates with available carriers...","timestamp":"14-05-2026 09:47:14"}
{"level":"info","message":"Added table rate for carrier CTT Expresso: 8 EUR","timestamp":"14-05-2026 09:47:14"}
{"level":"info","message":"Added table rate for carrier GLS Tabela: 5 EUR","timestamp":"14-05-2026 09:47:14"}
{"level":"info","message":"Cheapest rate selected: GLS Tabela at 5.00","timestamp":"14-05-2026 09:47:14"}
{"level":"info","message":"Secure request received from: academy-dev-store-2088.myshopify.com","timestamp":"14-05-2026 12:14:52"}
{"level":"info","message":"Processing Shipping Rates with available carriers...","timestamp":"14-05-2026 12:14:52"}
{"level":"info","message":"No matching table rate found for carrier CTT Expresso in zone Europa 1","timestamp":"14-05-2026 12:14:52"}
{"level":"info","message":"No matching table rate found for carrier GLS Tabela in zone Europa 1","timestamp":"14-05-2026 12:14:52"}
{"level":"warn","message":"No carrier rates could be fetched, returning fallback rate.","timestamp":"14-05-2026 12:14:52"}
{"level":"info","message":"Secure request received from: academy-dev-store-2088.myshopify.com","timestamp":"14-05-2026 12:16:11"}
{"level":"info","message":"Processing Shipping Rates with available carriers...","timestamp":"14-05-2026 12:16:11"}
{"level":"info","message":"No matching table rate found for carrier CTT Expresso in zone Europa 1","timestamp":"14-05-2026 12:16:11"}
{"level":"info","message":"Added table rate for carrier GLS Tabela: 15 EUR","timestamp":"14-05-2026 12:16:11"}
{"level":"info","message":"Cheapest rate selected: GLS Tabela at 15.00","timestamp":"14-05-2026 12:16:11"}
{"level":"info","message":"Secure request received from: academy-dev-store-2088.myshopify.com","timestamp":"14-05-2026 12:16:52"}
{"level":"info","message":"Processing Shipping Rates with available carriers...","timestamp":"14-05-2026 12:16:52"}
{"level":"info","message":"Added table rate for carrier CTT Expresso: 8 EUR","timestamp":"14-05-2026 12:16:52"}
{"level":"info","message":"Added table rate for carrier GLS Tabela: 5 EUR","timestamp":"14-05-2026 12:16:52"}
{"level":"info","message":"Cheapest rate selected: GLS Tabela at 5.00","timestamp":"14-05-2026 12:16:52"}
{"level":"info","message":"Secure request received from: academy-dev-store-2088.myshopify.com","timestamp":"14-05-2026 12:59:56"}
{"level":"info","message":"Processing Shipping Rates with available carriers...","timestamp":"14-05-2026 12:59:56"}
{"level":"info","message":"Added table rate for carrier CTT Expresso: 8 EUR","timestamp":"14-05-2026 12:59:56"}
{"level":"info","message":"Added table rate for carrier GLS Tabela: 5 EUR","timestamp":"14-05-2026 12:59:56"}
{"level":"info","message":"Cheapest rate selected: GLS Tabela at 5.00","timestamp":"14-05-2026 12:59:56"}
{"level":"info","message":"Secure request received from: academy-dev-store-2088.myshopify.com","timestamp":"14-05-2026 12:59:57"}
{"level":"info","message":"Processing Shipping Rates with available carriers...","timestamp":"14-05-2026 12:59:57"}
{"level":"info","message":"Added table rate for carrier CTT Expresso: 8 EUR","timestamp":"14-05-2026 12:59:57"}
{"level":"info","message":"Added table rate for carrier GLS Tabela: 5 EUR","timestamp":"14-05-2026 12:59:57"}
{"level":"info","message":"Cheapest rate selected: GLS Tabela at 5.00","timestamp":"14-05-2026 12:59:57"}
{"level":"info","message":"Secure request received from: academy-dev-store-2088.myshopify.com","timestamp":"14-05-2026 13:00:42"}
{"level":"info","message":"Processing Shipping Rates with available carriers...","timestamp":"14-05-2026 13:00:42"}
{"level":"info","message":"Added table rate for carrier CTT Expresso: 15 EUR","timestamp":"14-05-2026 13:00:42"}
{"level":"info","message":"No matching table rate found for carrier GLS Tabela in zone Nacional","timestamp":"14-05-2026 13:00:42"}
{"level":"info","message":"Cheapest rate selected: CTT Expresso at 15.00","timestamp":"14-05-2026 13:00:42"}
{"level":"info","message":"Secure request received from: academy-dev-store-2088.myshopify.com","timestamp":"14-05-2026 13:00:43"}
{"level":"info","message":"Processing Shipping Rates with available carriers...","timestamp":"14-05-2026 13:00:43"}
{"level":"info","message":"Added table rate for carrier CTT Expresso: 15 EUR","timestamp":"14-05-2026 13:00:43"}
{"level":"info","message":"No matching table rate found for carrier GLS Tabela in zone Nacional","timestamp":"14-05-2026 13:00:43"}
{"level":"info","message":"Cheapest rate selected: CTT Expresso at 15.00","timestamp":"14-05-2026 13:00:43"}
{"level":"info","message":"Secure request received from: academy-dev-store-2088.myshopify.com","timestamp":"14-05-2026 13:00:45"}
{"level":"info","message":"Processing Shipping Rates with available carriers...","timestamp":"14-05-2026 13:00:45"}
{"level":"info","message":"Added table rate for carrier CTT Expresso: 15 EUR","timestamp":"14-05-2026 13:00:45"}
{"level":"info","message":"No matching table rate found for carrier GLS Tabela in zone Nacional","timestamp":"14-05-2026 13:00:45"}
{"level":"info","message":"Cheapest rate selected: CTT Expresso at 15.00","timestamp":"14-05-2026 13:00:45"}
{"level":"info","message":"Secure request received from: academy-dev-store-2088.myshopify.com","timestamp":"14-05-2026 13:03:35"}
{"level":"info","message":"Processing Shipping Rates with available carriers...","timestamp":"14-05-2026 13:03:35"}
{"level":"info","message":"Added table rate for carrier CTT Expresso: 8 EUR","timestamp":"14-05-2026 13:03:35"}
{"level":"info","message":"Added table rate for carrier GLS Tabela: 5 EUR","timestamp":"14-05-2026 13:03:35"}
{"level":"info","message":"Cheapest rate selected: GLS Tabela at 0.00","timestamp":"14-05-2026 13:03:35"}
{"level":"info","message":"Secure request received from: academy-dev-store-2088.myshopify.com","timestamp":"14-05-2026 13:03:36"}
{"level":"info","message":"Processing Shipping Rates with available carriers...","timestamp":"14-05-2026 13:03:36"}
{"level":"info","message":"Added table rate for carrier CTT Expresso: 8 EUR","timestamp":"14-05-2026 13:03:36"}
{"level":"info","message":"Added table rate for carrier GLS Tabela: 5 EUR","timestamp":"14-05-2026 13:03:36"}
{"level":"info","message":"Cheapest rate selected: GLS Tabela at 0.00","timestamp":"14-05-2026 13:03:36"}
{"level":"info","message":"Normalized zip code: original='4000-123', normalized='4000123'","timestamp":"14-05-2026 16:09:33"}
{"level":"warn","message":"No shipping zone found for country code: PT and postal code: 4000-123","timestamp":"14-05-2026 16:09:33"}
{"level":"info","message":"Normalized zip code: original='9000-100', normalized='9000100'","timestamp":"14-05-2026 16:09:33"}
{"level":"warn","message":"No shipping zone found for country code: PT and postal code: 9000-100","timestamp":"14-05-2026 16:09:33"}
{"level":"info","message":"Normalized zip code: original='4000-123', normalized='4000123'","timestamp":"14-05-2026 16:14:43"}
{"level":"info","message":"Matched RANGE rule for zone: PT_CONTINENTAL","timestamp":"14-05-2026 16:14:43"}
{"level":"info","message":"Added table rate for carrier Transportadora Teste: 5 EUR","timestamp":"14-05-2026 16:14:43"}
{"level":"info","message":"Normalized zip code: original='9000-100', normalized='9000100'","timestamp":"14-05-2026 16:14:43"}
{"level":"info","message":"Matched PREFIX rule for zone: PT_ILHAS","timestamp":"14-05-2026 16:14:43"}
{"level":"info","message":"Added table rate for carrier Transportadora Teste: 15 EUR","timestamp":"14-05-2026 16:14:43"}
{"level":"info","message":"Secure request received from: academy-dev-store-2088.myshopify.com","timestamp":"19-05-2026 10:32:58"}
{"level":"info","message":"Processing Shipping Rates with available carriers...","timestamp":"19-05-2026 10:32:58"}
{"level":"info","message":"Normalized zip code: original='4505-141', normalized='4505141'","timestamp":"19-05-2026 10:32:58"}
{"clientVersion":"6.19.3","level":"error","message":"Critical error fetching Rates: \nInvalid `prisma.postalRule.findMany()` invocation:\n\n{\n  where: {\n    shopDomain: \"academy-dev-store-2088.myshopify.com\",\n    ~~~~~~~~~~\n    countryCode: \"PT\",\n?   AND?: PostalRuleWhereInput | PostalRuleWhereInput[],\n?   OR?: PostalRuleWhereInput[],\n?   NOT?: PostalRuleWhereInput | PostalRuleWhereInput[],\n?   id?: StringFilter | String,\n?   zoneId?: StringFilter | String,\n?   matchType?: StringFilter | String,\n?   valueMin?: StringFilter | String,\n?   valueMax?: StringNullableFilter | String | Null,\n?   createdAt?: DateTimeFilter | DateTime,\n?   updatedAt?: DateTimeFilter | DateTime,\n?   zone?: ZoneScalarRelationFilter | ZoneWhereInput\n  }\n}\n\nUnknown argument `shopDomain`. Available options are marked with ?.","name":"PrismaClientValidationError","stack":"PrismaClientValidationError: \nInvalid `prisma.postalRule.findMany()` invocation:\n\n{\n  where: {\n    shopDomain: \"academy-dev-store-2088.myshopify.com\",\n    ~~~~~~~~~~\n    countryCode: \"PT\",\n?   AND?: PostalRuleWhereInput | PostalRuleWhereInput[],\n?   OR?: PostalRuleWhereInput[],\n?   NOT?: PostalRuleWhereInput | PostalRuleWhereInput[],\n?   id?: StringFilter | String,\n?   zoneId?: StringFilter | String,\n?   matchType?: StringFilter | String,\n?   valueMin?: StringFilter | String,\n?   valueMax?: StringNullableFilter | String | Null,\n?   createdAt?: DateTimeFilter | DateTime,\n?   updatedAt?: DateTimeFilter | DateTime,\n?   zone?: ZoneScalarRelationFilter | ZoneWhereInput\n  }\n}\n\nUnknown argument `shopDomain`. Available options are marked with ?.\n    at throwValidationException (/Users/skrey-andresantos/Documents/Projects/shipping-app/node_modules/@prisma/client/src/runtime/core/errorRendering/throwValidationException.ts:45:9)\n    at ei.handleRequestError (/Users/skrey-andresantos/Documents/Projects/shipping-app/node_modules/@prisma/client/src/runtime/RequestHandler.ts:202:7)\n    at ei.handleAndLogRequestError (/Users/skrey-andresantos/Documents/Projects/shipping-app/node_modules/@prisma/client/src/runtime/RequestHandler.ts:174:12)\n    at ei.request (/Users/skrey-andresantos/Documents/Projects/shipping-app/node_modules/@prisma/client/src/runtime/RequestHandler.ts:143:12)\n    at a (/Users/skrey-andresantos/Documents/Projects/shipping-app/node_modules/@prisma/client/src/runtime/getPrismaClient.ts:833:24)\n    at calculateTableRates (/Users/skrey-andresantos/Documents/Projects/shipping-app/app/utils/rates/tableRates.ts:17:24)\n    at fetchFinalRate (/Users/skrey-andresantos/Documents/Projects/shipping-app/app/services/finalCarrier.ts:40:24)\n    at action (/Users/skrey-andresantos/Documents/Projects/shipping-app/app/routes/api.shippingRates.tsx:85:23)\n    at Object.callRouteAction (/Users/skrey-andresantos/Documents/Projects/shipping-app/node_modules/@remix-run/server-runtime/dist/data.js:36:16)\n    at /Users/skrey-andresantos/Documents/Projects/shipping-app/node_modules/@remix-run/router/router.ts:4936:19\n    at callLoaderOrAction (/Users/skrey-andresantos/Documents/Projects/shipping-app/node_modules/@remix-run/router/router.ts:5000:16)\n    at async Promise.all (index 0)\n    at defaultDataStrategy (/Users/skrey-andresantos/Documents/Projects/shipping-app/node_modules/@remix-run/router/router.ts:4809:17)\n    at callDataStrategyImpl (/Users/skrey-andresantos/Documents/Projects/shipping-app/node_modules/@remix-run/router/router.ts:4872:17)\n    at callDataStrategy (/Users/skrey-andresantos/Documents/Projects/shipping-app/node_modules/@remix-run/router/router.ts:4029:19)\n    at submit (/Users/skrey-andresantos/Documents/Projects/shipping-app/node_modules/@remix-run/router/router.ts:3792:21)\n    at queryImpl (/Users/skrey-andresantos/Documents/Projects/shipping-app/node_modules/@remix-run/router/router.ts:3721:22)\n    at Object.queryRoute (/Users/skrey-andresantos/Documents/Projects/shipping-app/node_modules/@remix-run/router/router.ts:3666:18)\n    at handleResourceRequest (/Users/skrey-andresantos/Documents/Projects/shipping-app/node_modules/@remix-run/server-runtime/dist/server.js:444:20)\n    at requestHandler (/Users/skrey-andresantos/Documents/Projects/shipping-app/node_modules/@remix-run/server-runtime/dist/server.js:167:18)\n    at nodeHandler (/Users/skrey-andresantos/Documents/Projects/shipping-app/node_modules/@remix-run/dev/dist/vite/plugin.js:859:27)\n    at /Users/skrey-andresantos/Documents/Projects/shipping-app/node_modules/@remix-run/dev/dist/vite/plugin.js:862:15","timestamp":"19-05-2026 10:32:58"}
{"level":"info","message":"Secure request received from: academy-dev-store-2088.myshopify.com","timestamp":"19-05-2026 10:32:59"}
{"level":"info","message":"Processing Shipping Rates with available carriers...","timestamp":"19-05-2026 10:32:59"}
{"level":"info","message":"Normalized zip code: original='4505-141', normalized='4505141'","timestamp":"19-05-2026 10:32:59"}
{"clientVersion":"6.19.3","level":"error","message":"Critical error fetching Rates: \nInvalid `prisma.postalRule.findMany()` invocation:\n\n{\n  where: {\n    shopDomain: \"academy-dev-store-2088.myshopify.com\",\n    ~~~~~~~~~~\n    countryCode: \"PT\",\n?   AND?: PostalRuleWhereInput | PostalRuleWhereInput[],\n?   OR?: PostalRuleWhereInput[],\n?   NOT?: PostalRuleWhereInput | PostalRuleWhereInput[],\n?   id?: StringFilter | String,\n?   zoneId?: StringFilter | String,\n?   matchType?: StringFilter | String,\n?   valueMin?: StringFilter | String,\n?   valueMax?: StringNullableFilter | String | Null,\n?   createdAt?: DateTimeFilter | DateTime,\n?   updatedAt?: DateTimeFilter | DateTime,\n?   zone?: ZoneScalarRelationFilter | ZoneWhereInput\n  }\n}\n\nUnknown argument `shopDomain`. Available options are marked with ?.","name":"PrismaClientValidationError","stack":"PrismaClientValidationError: \nInvalid `prisma.postalRule.findMany()` invocation:\n\n{\n  where: {\n    shopDomain: \"academy-dev-store-2088.myshopify.com\",\n    ~~~~~~~~~~\n    countryCode: \"PT\",\n?   AND?: PostalRuleWhereInput | PostalRuleWhereInput[],\n?   OR?: PostalRuleWhereInput[],\n?   NOT?: PostalRuleWhereInput | PostalRuleWhereInput[],\n?   id?: StringFilter | String,\n?   zoneId?: StringFilter | String,\n?   matchType?: StringFilter | String,\n?   valueMin?: StringFilter | String,\n?   valueMax?: StringNullableFilter | String | Null,\n?   createdAt?: DateTimeFilter | DateTime,\n?   updatedAt?: DateTimeFilter | DateTime,\n?   zone?: ZoneScalarRelationFilter | ZoneWhereInput\n  }\n}\n\nUnknown argument `shopDomain`. Available options are marked with ?.\n    at throwValidationException (/Users/skrey-andresantos/Documents/Projects/shipping-app/node_modules/@prisma/client/src/runtime/core/errorRendering/throwValidationException.ts:45:9)\n    at ei.handleRequestError (/Users/skrey-andresantos/Documents/Projects/shipping-app/node_modules/@prisma/client/src/runtime/RequestHandler.ts:202:7)\n    at ei.handleAndLogRequestError (/Users/skrey-andresantos/Documents/Projects/shipping-app/node_modules/@prisma/client/src/runtime/RequestHandler.ts:174:12)\n    at ei.request (/Users/skrey-andresantos/Documents/Projects/shipping-app/node_modules/@prisma/client/src/runtime/RequestHandler.ts:143:12)\n    at a (/Users/skrey-andresantos/Documents/Projects/shipping-app/node_modules/@prisma/client/src/runtime/getPrismaClient.ts:833:24)\n    at calculateTableRates (/Users/skrey-andresantos/Documents/Projects/shipping-app/app/utils/rates/tableRates.ts:17:24)\n    at fetchFinalRate (/Users/skrey-andresantos/Documents/Projects/shipping-app/app/services/finalCarrier.ts:40:24)\n    at action (/Users/skrey-andresantos/Documents/Projects/shipping-app/app/routes/api.shippingRates.tsx:85:23)\n    at Object.callRouteAction (/Users/skrey-andresantos/Documents/Projects/shipping-app/node_modules/@remix-run/server-runtime/dist/data.js:36:16)\n    at /Users/skrey-andresantos/Documents/Projects/shipping-app/node_modules/@remix-run/router/router.ts:4936:19\n    at callLoaderOrAction (/Users/skrey-andresantos/Documents/Projects/shipping-app/node_modules/@remix-run/router/router.ts:5000:16)\n    at async Promise.all (index 0)\n    at defaultDataStrategy (/Users/skrey-andresantos/Documents/Projects/shipping-app/node_modules/@remix-run/router/router.ts:4809:17)\n    at callDataStrategyImpl (/Users/skrey-andresantos/Documents/Projects/shipping-app/node_modules/@remix-run/router/router.ts:4872:17)\n    at callDataStrategy (/Users/skrey-andresantos/Documents/Projects/shipping-app/node_modules/@remix-run/router/router.ts:4029:19)\n    at submit (/Users/skrey-andresantos/Documents/Projects/shipping-app/node_modules/@remix-run/router/router.ts:3792:21)\n    at queryImpl (/Users/skrey-andresantos/Documents/Projects/shipping-app/node_modules/@remix-run/router/router.ts:3721:22)\n    at Object.queryRoute (/Users/skrey-andresantos/Documents/Projects/shipping-app/node_modules/@remix-run/router/router.ts:3666:18)\n    at handleResourceRequest (/Users/skrey-andresantos/Documents/Projects/shipping-app/node_modules/@remix-run/server-runtime/dist/server.js:444:20)\n    at requestHandler (/Users/skrey-andresantos/Documents/Projects/shipping-app/node_modules/@remix-run/server-runtime/dist/server.js:167:18)\n    at nodeHandler (/Users/skrey-andresantos/Documents/Projects/shipping-app/node_modules/@remix-run/dev/dist/vite/plugin.js:859:27)\n    at /Users/skrey-andresantos/Documents/Projects/shipping-app/node_modules/@remix-run/dev/dist/vite/plugin.js:862:15","timestamp":"19-05-2026 10:32:59"}
{"level":"info","message":"Secure request received from: academy-dev-store-2088.myshopify.com","timestamp":"19-05-2026 15:04:19"}
{"level":"info","message":"New store registered: academy-dev-store-2088.myshopify.com","timestamp":"19-05-2026 15:04:19"}
{"level":"info","message":"Processing Shipping Rates with available carriers...","timestamp":"19-05-2026 15:04:19"}
{"level":"info","message":"Transportadora CTT aplicou regra para o postal 4505-141","timestamp":"19-05-2026 15:04:19"}
{"level":"info","message":"Cheapest rate selected: CTT at 3.00","timestamp":"19-05-2026 15:04:19"}
{"level":"info","message":"Secure request received from: academy-dev-store-2088.myshopify.com","timestamp":"19-05-2026 15:04:20"}
{"level":"info","message":"Processing Shipping Rates with available carriers...","timestamp":"19-05-2026 15:04:20"}
{"level":"info","message":"Transportadora CTT aplicou regra para o postal 4505-141","timestamp":"19-05-2026 15:04:20"}
{"level":"info","message":"Cheapest rate selected: CTT at 3.00","timestamp":"19-05-2026 15:04:20"}
{"level":"info","message":"Secure request received from: academy-dev-store-2088.myshopify.com","timestamp":"19-05-2026 15:07:43"}
{"level":"info","message":"Processing Shipping Rates with available carriers...","timestamp":"19-05-2026 15:07:43"}
{"level":"info","message":"Transportadora CTT aplicou regra para o postal 4505-141","timestamp":"19-05-2026 15:07:43"}
{"level":"info","message":"Cheapest rate selected: CTT at 3.00","timestamp":"19-05-2026 15:07:43"}
{"level":"info","message":"Secure request received from: academy-dev-store-2088.myshopify.com","timestamp":"19-05-2026 15:12:38"}
{"level":"info","message":"Processing Shipping Rates with available carriers...","timestamp":"19-05-2026 15:12:38"}
{"level":"info","message":"Transportadora GLS aplicou regra para o postal 4505-141","timestamp":"19-05-2026 15:12:38"}
{"level":"info","message":"Cheapest rate selected: GLS at 2.50","timestamp":"19-05-2026 15:12:38"}
{"level":"info","message":"Secure request received from: academy-dev-store-2088.myshopify.com","timestamp":"19-05-2026 15:14:27"}
{"level":"info","message":"Processing Shipping Rates with available carriers...","timestamp":"19-05-2026 15:14:27"}
{"level":"info","message":"Transportadora GLS aplicou regra para o postal 4505-141","timestamp":"19-05-2026 15:14:27"}
{"level":"info","message":"Cheapest rate selected: GLS at 2.50","timestamp":"19-05-2026 15:14:27"}
{"level":"info","message":"Secure request received from: academy-dev-store-2088.myshopify.com","timestamp":"19-05-2026 15:26:57"}
{"level":"info","message":"Processing Shipping Rates with available carriers...","timestamp":"19-05-2026 15:26:57"}
{"level":"info","message":"Transportadora CTT aplicou regra para o postal 4505-141","timestamp":"19-05-2026 15:26:57"}
{"level":"info","message":"Transportadora GLS aplicou regra para o postal 4505-141","timestamp":"19-05-2026 15:26:57"}
{"level":"info","message":"Cheapest rate selected: GLS at 2.50","timestamp":"19-05-2026 15:26:57"}
{"level":"info","message":"Secure request received from: academy-dev-store-2088.myshopify.com","timestamp":"19-05-2026 15:35:07"}
{"level":"info","message":"Processing Shipping Rates with available carriers...","timestamp":"19-05-2026 15:35:07"}
{"level":"warn","message":"No carrier rates could be fetched, returning fallback rate.","timestamp":"19-05-2026 15:35:07"}
{"level":"info","message":"Secure request received from: academy-dev-store-2088.myshopify.com","timestamp":"19-05-2026 15:36:57"}
{"level":"info","message":"Processing Shipping Rates with available carriers...","timestamp":"19-05-2026 15:36:57"}
{"level":"warn","message":"No carrier rates could be fetched, returning fallback rate.","timestamp":"19-05-2026 15:36:57"}
{"level":"info","message":"Secure request received from: academy-dev-store-2088.myshopify.com","timestamp":"19-05-2026 15:38:50"}
{"level":"info","message":"Processing Shipping Rates with available carriers...","timestamp":"19-05-2026 15:38:50"}
{"level":"info","message":"Transportadora GLS aplicou regra para o postal 28005","timestamp":"19-05-2026 15:38:50"}
{"level":"info","message":"Cheapest rate selected: GLS at 12.00","timestamp":"19-05-2026 15:38:50"}
{"level":"info","message":"Secure request received from: academy-dev-store-2088.myshopify.com","timestamp":"19-05-2026 15:39:31"}
{"level":"info","message":"Processing Shipping Rates with available carriers...","timestamp":"19-05-2026 15:39:31"}
{"level":"warn","message":"No carrier rates could be fetched, returning fallback rate.","timestamp":"19-05-2026 15:39:31"}
{"level":"info","message":"Secure request received from: academy-dev-store-2088.myshopify.com","timestamp":"19-05-2026 15:40:50"}
{"level":"info","message":"Processing Shipping Rates with available carriers...","timestamp":"19-05-2026 15:40:50"}
{"level":"info","message":"Transportadora GLS aplicou regra para o postal N17 0BX","timestamp":"19-05-2026 15:40:50"}
{"level":"info","message":"Cheapest rate selected: GLS at 17.00","timestamp":"19-05-2026 15:40:50"}
{"level":"info","message":"Secure request received from: academy-dev-store-2088.myshopify.com","timestamp":"19-05-2026 15:41:29"}
{"level":"info","message":"Processing Shipping Rates with available carriers...","timestamp":"19-05-2026 15:41:29"}
{"level":"info","message":"Transportadora GLS aplicou regra para o postal N17","timestamp":"19-05-2026 15:41:29"}
{"level":"info","message":"Cheapest rate selected: GLS at 17.00","timestamp":"19-05-2026 15:41:29"}
{"level":"info","message":"Secure request received from: academy-dev-store-2088.myshopify.com","timestamp":"19-05-2026 15:44:19"}
{"level":"info","message":"Processing Shipping Rates with available carriers...","timestamp":"19-05-2026 15:44:19"}
{"level":"info","message":"Transportadora CTT aplicou regra para o postal 4505-141","timestamp":"19-05-2026 15:44:19"}
{"level":"info","message":"Transportadora GLS aplicou regra para o postal 4505-141","timestamp":"19-05-2026 15:44:19"}
{"level":"info","message":"Cheapest rate selected: GLS at 2.50","timestamp":"19-05-2026 15:44:19"}
{"level":"info","message":"Secure request received from: academy-dev-store-2088.myshopify.com","timestamp":"19-05-2026 15:45:52"}
{"level":"info","message":"Processing Shipping Rates with available carriers...","timestamp":"19-05-2026 15:45:52"}
{"level":"info","message":"Transportadora CTT aplicou regra para o postal 4505-141","timestamp":"19-05-2026 15:45:52"}
{"level":"info","message":"Transportadora GLS aplicou regra para o postal 4505-141","timestamp":"19-05-2026 15:45:52"}
{"level":"info","message":"Cheapest rate selected: GLS at 0.00","timestamp":"19-05-2026 15:45:52"}
{"level":"info","message":"Secure request received from: academy-dev-store-2088.myshopify.com","timestamp":"19-05-2026 16:48:03"}
{"level":"info","message":"Processing Shipping Rates with available carriers...","timestamp":"19-05-2026 16:48:03"}
{"level":"warn","message":"No carrier rates could be fetched, returning fallback rate.","timestamp":"19-05-2026 16:48:03"}
{"level":"info","message":"Secure request received from: academy-dev-store-2088.myshopify.com","timestamp":"19-05-2026 16:48:29"}
{"level":"info","message":"Processing Shipping Rates with available carriers...","timestamp":"19-05-2026 16:48:29"}
{"level":"info","message":"Transportadora GLS aplicou regra para o postal N17 0BX","timestamp":"19-05-2026 16:48:29"}
{"level":"info","message":"Cheapest rate selected: GLS at 17.00","timestamp":"19-05-2026 16:48:29"}
{"level":"info","message":"Secure request received from: academy-dev-store-2088.myshopify.com","timestamp":"19-05-2026 16:50:40"}
{"level":"info","message":"Processing Shipping Rates with available carriers...","timestamp":"19-05-2026 16:50:40"}
{"level":"warn","message":"No carrier rates could be fetched, returning fallback rate.","timestamp":"19-05-2026 16:50:40"}
{"level":"info","message":"Secure request received from: academy-dev-store-2088.myshopify.com","timestamp":"19-05-2026 16:53:42"}
{"level":"info","message":"Processing Shipping Rates with available carriers...","timestamp":"19-05-2026 16:53:42"}
{"level":"info","message":"Transportadora GLS aplicou regra para o postal N17 0BX","timestamp":"19-05-2026 16:53:42"}
{"level":"info","message":"Cheapest rate selected: GLS at 17.00","timestamp":"19-05-2026 16:53:42"}
{"level":"info","message":"Secure request received from: academy-dev-store-2088.myshopify.com","timestamp":"19-05-2026 16:56:51"}
{"level":"info","message":"Processing Shipping Rates with available carriers...","timestamp":"19-05-2026 16:56:51"}
{"level":"info","message":"Transportadora GLS aplicou regra para o postal N17 0BX","timestamp":"19-05-2026 16:56:51"}
{"level":"info","message":"Cheapest rate selected: GLS at 15.00","timestamp":"19-05-2026 16:56:51"}
{"level":"info","message":"Secure request received from: academy-dev-store-2088.myshopify.com","timestamp":"19-05-2026 17:37:35"}
{"level":"info","message":"Processing Shipping Rates with available carriers...","timestamp":"19-05-2026 17:37:35"}
{"level":"info","message":"Transportadora CTT aplicou regra para o postal 4505-141","timestamp":"19-05-2026 17:37:35"}
{"level":"info","message":"Transportadora GLS aplicou regra para o postal 4505-141","timestamp":"19-05-2026 17:37:35"}
{"level":"info","message":"Cheapest rate selected: GLS at 2.50","timestamp":"19-05-2026 17:37:35"}
{"level":"info","message":"Secure request received from: academy-dev-store-2088.myshopify.com","timestamp":"20-05-2026 10:42:30"}
{"level":"info","message":"Processing Shipping Rates with available carriers...","timestamp":"20-05-2026 10:42:30"}
{"level":"info","message":"Transportadora GLS aplicou regra para o postal 9004-532","timestamp":"20-05-2026 10:42:30"}
{"level":"info","message":"Cheapest rate selected: GLS at 10.00","timestamp":"20-05-2026 10:42:30"}
{"level":"info","message":"Secure request received from: academy-dev-store-2088.myshopify.com","timestamp":"20-05-2026 10:54:36"}
{"level":"info","message":"Processing Shipping Rates with available carriers...","timestamp":"20-05-2026 10:54:36"}
{"level":"info","message":"Transportadora CTT aplicou regra para o postal 4505-141","timestamp":"20-05-2026 10:54:36"}
{"level":"info","message":"Transportadora GLS aplicou regra para o postal 4505-141","timestamp":"20-05-2026 10:54:36"}
{"level":"info","message":"Cheapest rate selected: GLS at 2.50","timestamp":"20-05-2026 10:54:36"}
{"level":"info","message":"Secure request received from: academy-dev-store-2088.myshopify.com","timestamp":"20-05-2026 10:54:37"}
{"level":"info","message":"Processing Shipping Rates with available carriers...","timestamp":"20-05-2026 10:54:37"}
{"level":"info","message":"Transportadora CTT aplicou regra para o postal 4505-141","timestamp":"20-05-2026 10:54:37"}
{"level":"info","message":"Transportadora GLS aplicou regra para o postal 4505-141","timestamp":"20-05-2026 10:54:37"}
{"level":"info","message":"Cheapest rate selected: GLS at 2.50","timestamp":"20-05-2026 10:54:37"}
{"level":"info","message":"Secure request received from: academy-dev-store-2088.myshopify.com","timestamp":"20-05-2026 11:10:35"}
{"level":"info","message":"Processing Shipping Rates with available carriers...","timestamp":"20-05-2026 11:10:35"}
{"level":"info","message":"Transportadora CTT aplicou regra para o postal 4505-141","timestamp":"20-05-2026 11:10:35"}
{"level":"info","message":"Transportadora GLS aplicou regra para o postal 4505-141","timestamp":"20-05-2026 11:10:35"}
{"level":"info","message":"Cheapest rate selected: GLS at 2.50","timestamp":"20-05-2026 11:10:35"}
{"level":"info","message":"Secure request received from: academy-dev-store-2088.myshopify.com","timestamp":"20-05-2026 11:41:58"}
{"level":"info","message":"Processing Shipping Rates with available carriers...","timestamp":"20-05-2026 11:41:58"}
{"level":"info","message":"Transportadora CTT aplicou regra para o postal 4505-141","timestamp":"20-05-2026 11:41:58"}
{"level":"info","message":"Transportadora GLS aplicou regra para o postal 4505-141","timestamp":"20-05-2026 11:41:58"}
{"level":"info","message":"Cheapest rate selected: GLS at 2.50","timestamp":"20-05-2026 11:41:58"}
{"level":"info","message":"Secure request received from: academy-dev-store-2088.myshopify.com","timestamp":"20-05-2026 11:44:13"}
{"level":"info","message":"Processing Shipping Rates with available carriers...","timestamp":"20-05-2026 11:44:13"}
{"level":"info","message":"Transportadora CTT aplicou regra para o postal 4505-141","timestamp":"20-05-2026 11:44:13"}
{"level":"info","message":"Transportadora GLS aplicou regra para o postal 4505-141","timestamp":"20-05-2026 11:44:13"}
{"level":"info","message":"Cheapest rate selected: GLS at 2.50","timestamp":"20-05-2026 11:44:13"}
{"level":"info","message":"Secure request received from: academy-dev-store-2088.myshopify.com","timestamp":"20-05-2026 12:20:20"}
{"level":"info","message":"Processing Shipping Rates with available carriers...","timestamp":"20-05-2026 12:20:20"}
{"level":"info","message":"Transportadora CTT aplicou regra para o postal 4505-141","timestamp":"20-05-2026 12:20:20"}
{"level":"info","message":"Transportadora GLS aplicou regra para o postal 4505-141","timestamp":"20-05-2026 12:20:20"}
{"level":"info","message":"Cheapest rate selected: GLS at 2.50","timestamp":"20-05-2026 12:20:20"}
{"level":"info","message":"Secure request received from: academy-dev-store-2088.myshopify.com","timestamp":"20-05-2026 12:29:33"}
{"level":"info","message":"Processing Shipping Rates with available carriers...","timestamp":"20-05-2026 12:29:33"}
{"level":"info","message":"Transportadora CTT aplicou regra para o postal 4505-141","timestamp":"20-05-2026 12:29:33"}
{"level":"info","message":"Transportadora GLS aplicou regra para o postal 4505-141","timestamp":"20-05-2026 12:29:33"}
{"level":"info","message":"Cheapest rate selected: GLS at 5.00","timestamp":"20-05-2026 12:29:33"}
{"level":"info","message":"Secure request received from: academy-dev-store-2088.myshopify.com","timestamp":"20-05-2026 12:29:34"}
{"level":"info","message":"Processing Shipping Rates with available carriers...","timestamp":"20-05-2026 12:29:34"}
{"level":"info","message":"Transportadora CTT aplicou regra para o postal 4505-141","timestamp":"20-05-2026 12:29:34"}
{"level":"info","message":"Transportadora GLS aplicou regra para o postal 4505-141","timestamp":"20-05-2026 12:29:34"}
{"level":"info","message":"Cheapest rate selected: GLS at 5.00","timestamp":"20-05-2026 12:29:34"}
{"level":"info","message":"Secure request received from: academy-dev-store-2088.myshopify.com","timestamp":"20-05-2026 12:31:38"}
{"level":"info","message":"Processing Shipping Rates with available carriers...","timestamp":"20-05-2026 12:31:38"}
{"level":"info","message":"Transportadora CTT aplicou regra para o postal 4505-141","timestamp":"20-05-2026 12:31:38"}
{"level":"info","message":"Transportadora GLS aplicou regra para o postal 4505-141","timestamp":"20-05-2026 12:31:38"}
{"level":"info","message":"Cheapest rate selected: GLS at 0.00","timestamp":"20-05-2026 12:31:38"}
{"level":"info","message":"Secure request received from: academy-dev-store-2088.myshopify.com","timestamp":"20-05-2026 12:32:31"}
{"level":"info","message":"Processing Shipping Rates with available carriers...","timestamp":"20-05-2026 12:32:31"}
{"level":"info","message":"Transportadora CTT aplicou regra para o postal 4505-141","timestamp":"20-05-2026 12:32:31"}
{"level":"info","message":"Transportadora GLS aplicou regra para o postal 4505-141","timestamp":"20-05-2026 12:32:31"}
{"level":"info","message":"Cheapest rate selected: GLS at 0.00","timestamp":"20-05-2026 12:32:31"}
{"level":"info","message":"Secure request received from: academy-dev-store-2088.myshopify.com","timestamp":"20-05-2026 14:50:32"}
{"level":"info","message":"Processing Shipping Rates with available carriers...","timestamp":"20-05-2026 14:50:32"}
{"level":"info","message":"Transportadora CTT aplicou regra para o postal 4505-141","timestamp":"20-05-2026 14:50:32"}
{"level":"info","message":"Transportadora GLS aplicou regra para o postal 4505-141","timestamp":"20-05-2026 14:50:32"}
{"level":"info","message":"Cheapest rate selected: GLS at 2.50","timestamp":"20-05-2026 14:50:32"}
{"level":"info","message":"Secure request received from: academy-dev-store-2088.myshopify.com","timestamp":"20-05-2026 15:02:42"}
{"level":"info","message":"Processing Shipping Rates with available carriers...","timestamp":"20-05-2026 15:02:42"}
{"level":"info","message":"Transportadora CTT aplicou regra para o postal 4505-141","timestamp":"20-05-2026 15:02:42"}
{"level":"info","message":"Transportadora GLS aplicou regra para o postal 4505-141","timestamp":"20-05-2026 15:02:42"}
{"level":"info","message":"Cheapest rate selected: GLS at 2.50","timestamp":"20-05-2026 15:02:42"}
{"level":"info","message":"Secure request received from: academy-dev-store-2088.myshopify.com","timestamp":"20-05-2026 15:04:17"}
{"level":"info","message":"Processing Shipping Rates with available carriers...","timestamp":"20-05-2026 15:04:17"}
{"level":"info","message":"Transportadora CTT aplicou regra para o postal 4505-141","timestamp":"20-05-2026 15:04:17"}
{"level":"info","message":"Transportadora GLS aplicou regra para o postal 4505-141","timestamp":"20-05-2026 15:04:17"}
{"level":"info","message":"Cheapest rate selected: GLS at 2.50","timestamp":"20-05-2026 15:04:17"}
{"level":"info","message":"Secure request received from: academy-dev-store-2088.myshopify.com","timestamp":"21-05-2026 11:36:17"}
{"level":"info","message":"Processing Shipping Rates with available carriers...","timestamp":"21-05-2026 11:36:17"}
{"level":"info","message":"Transportadora GLS aplicou regra para o postal N17 0BX","timestamp":"21-05-2026 11:36:17"}
{"level":"info","message":"Cheapest rate selected: GLS at 15.00","timestamp":"21-05-2026 11:36:17"}
{"level":"info","message":"Secure request received from: academy-dev-store-2088.myshopify.com","timestamp":"21-05-2026 12:52:30"}
{"level":"info","message":"Processing Shipping Rates with available carriers...","timestamp":"21-05-2026 12:52:30"}
{"level":"info","message":"Transportadora GLS aplicou regra para o postal 5340","timestamp":"21-05-2026 12:52:30"}
{"level":"info","message":"Cheapest rate selected: GLS at 15.00","timestamp":"21-05-2026 12:52:30"}
{"level":"info","message":"Secure request received from: academy-dev-store-2088.myshopify.com","timestamp":"21-05-2026 12:54:38"}
{"level":"info","message":"Processing Shipping Rates with available carriers...","timestamp":"21-05-2026 12:54:38"}
{"level":"info","message":"Transportadora CTT aplicou regra para o postal 4505-141","timestamp":"21-05-2026 12:54:38"}
{"level":"info","message":"Transportadora GLS aplicou regra para o postal 4505-141","timestamp":"21-05-2026 12:54:38"}
{"level":"info","message":"Cheapest rate selected: GLS at 2.50","timestamp":"21-05-2026 12:54:38"}
{"level":"info","message":"Secure request received from: academy-dev-store-2088.myshopify.com","timestamp":"21-05-2026 12:54:39"}
{"level":"info","message":"Processing Shipping Rates with available carriers...","timestamp":"21-05-2026 12:54:39"}
{"level":"info","message":"Transportadora CTT aplicou regra para o postal 4505-141","timestamp":"21-05-2026 12:54:39"}
{"level":"info","message":"Transportadora GLS aplicou regra para o postal 4505-141","timestamp":"21-05-2026 12:54:39"}
{"level":"info","message":"Cheapest rate selected: GLS at 2.50","timestamp":"21-05-2026 12:54:39"}
{"level":"info","message":"Secure request received from: academy-dev-store-2088.myshopify.com","timestamp":"21-05-2026 14:55:04"}
{"level":"info","message":"Processing Shipping Rates with available carriers...","timestamp":"21-05-2026 14:55:04"}
{"level":"error","message":"Error returned by FedEx API:","timestamp":"21-05-2026 14:55:07"}
{"level":"error","message":"No matching API rate found for carrier FedEx","timestamp":"21-05-2026 14:55:07"}
{"level":"warn","message":"No carrier rates could be fetched, returning fallback rate.","timestamp":"21-05-2026 14:55:07"}
{"level":"info","message":"Secure request received from: academy-dev-store-2088.myshopify.com","timestamp":"21-05-2026 15:08:52"}
{"level":"info","message":"Processing Shipping Rates with available carriers...","timestamp":"21-05-2026 15:08:52"}
{"level":"error","message":"Error returned by FedEx API:","timestamp":"21-05-2026 15:08:53"}
{"level":"error","message":"No matching API rate found for carrier FedEx","timestamp":"21-05-2026 15:08:53"}
{"level":"warn","message":"No carrier rates could be fetched, returning fallback rate.","timestamp":"21-05-2026 15:08:53"}
{"level":"info","message":"Secure request received from: academy-dev-store-2088.myshopify.com","timestamp":"21-05-2026 15:12:58"}
{"level":"info","message":"Processing Shipping Rates with available carriers...","timestamp":"21-05-2026 15:12:58"}
{"level":"error","message":"Error returned by FedEx API:","timestamp":"21-05-2026 15:13:03"}
{"level":"error","message":"No matching API rate found for carrier FedEx","timestamp":"21-05-2026 15:13:03"}
{"level":"warn","message":"No carrier rates could be fetched, returning fallback rate.","timestamp":"21-05-2026 15:13:03"}
{"level":"info","message":"Secure request received from: academy-dev-store-2088.myshopify.com","timestamp":"21-05-2026 15:17:45"}
{"level":"info","message":"Processing Shipping Rates with available carriers...","timestamp":"21-05-2026 15:17:45"}
{"level":"info","message":"FedEx returned 6 rate options for ZIP 4505-141 in PT.","timestamp":"21-05-2026 15:17:47"}
{"level":"info","message":"Added API rate for carrier FedEx: NaN EUR","timestamp":"21-05-2026 15:17:47"}
{"level":"info","message":"Cheapest rate selected: FedEx FedEx Economy™ at NaN","timestamp":"21-05-2026 15:17:47"}
{"level":"info","message":"Secure request received from: academy-dev-store-2088.myshopify.com","timestamp":"21-05-2026 15:21:35"}
{"level":"info","message":"Processing Shipping Rates with available carriers...","timestamp":"21-05-2026 15:21:35"}
{"level":"info","message":"FedEx returned 6 rate options for ZIP 4505-141 in PT.","timestamp":"21-05-2026 15:21:36"}
{"level":"info","message":"Added API rate for carrier FedEx: 3116.4999999999995 EUR","timestamp":"21-05-2026 15:21:36"}
{"level":"info","message":"Cheapest rate selected: FedEx FedEx Economy™ at 31.16","timestamp":"21-05-2026 15:21:36"}
{"level":"info","message":"Secure request received from: academy-dev-store-2088.myshopify.com","timestamp":"21-05-2026 15:50:06"}
{"level":"info","message":"Processing Shipping Rates with available carriers...","timestamp":"21-05-2026 15:50:06"}
{"level":"error","message":"Error returned by FedEx API:","timestamp":"21-05-2026 15:50:08"}
{"level":"error","message":"No matching API rate found for carrier FedEx","timestamp":"21-05-2026 15:50:08"}
{"level":"warn","message":"No carrier rates could be fetched, returning fallback rate.","timestamp":"21-05-2026 15:50:08"}
{"level":"info","message":"Secure request received from: academy-dev-store-2088.myshopify.com","timestamp":"21-05-2026 15:50:53"}
{"level":"info","message":"Processing Shipping Rates with available carriers...","timestamp":"21-05-2026 15:50:53"}
{"level":"info","message":"FedEx returned 6 rate options for ZIP 4505-141 in PT.","timestamp":"21-05-2026 15:50:54"}
{"level":"info","message":"Added API rate for carrier FedEx: 3116.4999999999995 EUR","timestamp":"21-05-2026 15:50:54"}
{"level":"info","message":"Cheapest rate selected: FedEx Economy™ at 31.16","timestamp":"21-05-2026 15:50:54"}
{"level":"info","message":"Secure request received from: academy-dev-store-2088.myshopify.com","timestamp":"21-05-2026 15:54:24"}
{"level":"info","message":"Processing Shipping Rates with available carriers...","timestamp":"21-05-2026 15:54:24"}
{"level":"info","message":"Transportadora CTT aplicou regra para o postal 4505-141","timestamp":"21-05-2026 15:54:24"}
{"level":"info","message":"Transportadora GLS aplicou regra para o postal 4505-141","timestamp":"21-05-2026 15:54:24"}
{"level":"info","message":"FedEx returned 6 rate options for ZIP 4505-141 in PT.","timestamp":"21-05-2026 15:54:25"}
{"level":"info","message":"Added API rate for carrier FedEx: 3116.4999999999995 EUR","timestamp":"21-05-2026 15:54:25"}
{"level":"info","message":"Cheapest rate selected: GLS at 2.50","timestamp":"21-05-2026 15:54:25"}
{"level":"info","message":"Secure request received from: academy-dev-store-2088.myshopify.com","timestamp":"21-05-2026 16:00:42"}
{"level":"info","message":"Processing Shipping Rates with available carriers...","timestamp":"21-05-2026 16:00:42"}
{"level":"info","message":"Transportadora CTT aplicou regra para o postal 4405-619","timestamp":"21-05-2026 16:00:42"}
{"level":"info","message":"Transportadora GLS aplicou regra para o postal 4405-619","timestamp":"21-05-2026 16:00:42"}
{"level":"error","message":"Error in FedEx authentication: Error fetching FedEx token: 401","stack":"Error: Error fetching FedEx token: 401\n    at getFedExToken (/Users/skrey-andresantos/Documents/Projects/shipping-app/app/utils/rates/FedExRates.ts:18:29)\n    at processTicksAndRejections (node:internal/process/task_queues:104:5)\n    at getFedExOptions (/Users/skrey-andresantos/Documents/Projects/shipping-app/app/utils/rates/FedExRates.ts:28:19)\n    at calculateAPIRates (/Users/skrey-andresantos/Documents/Projects/shipping-app/app/utils/rates/apiRates.ts:11:28)\n    at fetchFinalRate (/Users/skrey-andresantos/Documents/Projects/shipping-app/app/services/finalCarrier.ts:46:22)\n    at action (/Users/skrey-andresantos/Documents/Projects/shipping-app/app/routes/api.shippingRates.tsx:88:23)\n    at Object.callRouteAction (/Users/skrey-andresantos/Documents/Projects/shipping-app/node_modules/@remix-run/server-runtime/dist/data.js:36:16)\n    at /Users/skrey-andresantos/Documents/Projects/shipping-app/node_modules/@remix-run/router/router.ts:4936:19\n    at callLoaderOrAction (/Users/skrey-andresantos/Documents/Projects/shipping-app/node_modules/@remix-run/router/router.ts:5000:16)\n    at async Promise.all (index 0)\n    at defaultDataStrategy (/Users/skrey-andresantos/Documents/Projects/shipping-app/node_modules/@remix-run/router/router.ts:4809:17)\n    at callDataStrategyImpl (/Users/skrey-andresantos/Documents/Projects/shipping-app/node_modules/@remix-run/router/router.ts:4872:17)\n    at callDataStrategy (/Users/skrey-andresantos/Documents/Projects/shipping-app/node_modules/@remix-run/router/router.ts:4029:19)\n    at submit (/Users/skrey-andresantos/Documents/Projects/shipping-app/node_modules/@remix-run/router/router.ts:3792:21)\n    at queryImpl (/Users/skrey-andresantos/Documents/Projects/shipping-app/node_modules/@remix-run/router/router.ts:3721:22)\n    at Object.queryRoute (/Users/skrey-andresantos/Documents/Projects/shipping-app/node_modules/@remix-run/router/router.ts:3666:18)\n    at handleResourceRequest (/Users/skrey-andresantos/Documents/Projects/shipping-app/node_modules/@remix-run/server-runtime/dist/server.js:444:20)\n    at requestHandler (/Users/skrey-andresantos/Documents/Projects/shipping-app/node_modules/@remix-run/server-runtime/dist/server.js:167:18)\n    at nodeHandler (/Users/skrey-andresantos/Documents/Projects/shipping-app/node_modules/@remix-run/dev/dist/vite/plugin.js:859:27)\n    at /Users/skrey-andresantos/Documents/Projects/shipping-app/node_modules/@remix-run/dev/dist/vite/plugin.js:862:15","timestamp":"21-05-2026 16:00:43"}
{"level":"error","message":"Error processing FedEx rates: Error fetching FedEx token: 401","stack":"Error: Error fetching FedEx token: 401\n    at getFedExToken (/Users/skrey-andresantos/Documents/Projects/shipping-app/app/utils/rates/FedExRates.ts:18:29)\n    at processTicksAndRejections (node:internal/process/task_queues:104:5)\n    at getFedExOptions (/Users/skrey-andresantos/Documents/Projects/shipping-app/app/utils/rates/FedExRates.ts:28:19)\n    at calculateAPIRates (/Users/skrey-andresantos/Documents/Projects/shipping-app/app/utils/rates/apiRates.ts:11:28)\n    at fetchFinalRate (/Users/skrey-andresantos/Documents/Projects/shipping-app/app/services/finalCarrier.ts:46:22)\n    at action (/Users/skrey-andresantos/Documents/Projects/shipping-app/app/routes/api.shippingRates.tsx:88:23)\n    at Object.callRouteAction (/Users/skrey-andresantos/Documents/Projects/shipping-app/node_modules/@remix-run/server-runtime/dist/data.js:36:16)\n    at /Users/skrey-andresantos/Documents/Projects/shipping-app/node_modules/@remix-run/router/router.ts:4936:19\n    at callLoaderOrAction (/Users/skrey-andresantos/Documents/Projects/shipping-app/node_modules/@remix-run/router/router.ts:5000:16)\n    at async Promise.all (index 0)\n    at defaultDataStrategy (/Users/skrey-andresantos/Documents/Projects/shipping-app/node_modules/@remix-run/router/router.ts:4809:17)\n    at callDataStrategyImpl (/Users/skrey-andresantos/Documents/Projects/shipping-app/node_modules/@remix-run/router/router.ts:4872:17)\n    at callDataStrategy (/Users/skrey-andresantos/Documents/Projects/shipping-app/node_modules/@remix-run/router/router.ts:4029:19)\n    at submit (/Users/skrey-andresantos/Documents/Projects/shipping-app/node_modules/@remix-run/router/router.ts:3792:21)\n    at queryImpl (/Users/skrey-andresantos/Documents/Projects/shipping-app/node_modules/@remix-run/router/router.ts:3721:22)\n    at Object.queryRoute (/Users/skrey-andresantos/Documents/Projects/shipping-app/node_modules/@remix-run/router/router.ts:3666:18)\n    at handleResourceRequest (/Users/skrey-andresantos/Documents/Projects/shipping-app/node_modules/@remix-run/server-runtime/dist/server.js:444:20)\n    at requestHandler (/Users/skrey-andresantos/Documents/Projects/shipping-app/node_modules/@remix-run/server-runtime/dist/server.js:167:18)\n    at nodeHandler (/Users/skrey-andresantos/Documents/Projects/shipping-app/node_modules/@remix-run/dev/dist/vite/plugin.js:859:27)\n    at /Users/skrey-andresantos/Documents/Projects/shipping-app/node_modules/@remix-run/dev/dist/vite/plugin.js:862:15","timestamp":"21-05-2026 16:00:43"}
{"level":"error","message":"No matching API rate found for carrier FedEx","timestamp":"21-05-2026 16:00:43"}
{"level":"info","message":"Cheapest rate selected: GLS at 2.50","timestamp":"21-05-2026 16:00:43"}
{"level":"info","message":"Secure request received from: academy-dev-store-2088.myshopify.com","timestamp":"21-05-2026 16:02:14"}
{"level":"info","message":"Processing Shipping Rates with available carriers...","timestamp":"21-05-2026 16:02:14"}
{"level":"info","message":"Transportadora CTT aplicou regra para o postal 4505-141","timestamp":"21-05-2026 16:02:14"}
{"level":"info","message":"Transportadora GLS aplicou regra para o postal 4505-141","timestamp":"21-05-2026 16:02:14"}
{"level":"error","message":"Error returned by FedEx API:","timestamp":"21-05-2026 16:02:15"}
{"level":"error","message":"No matching API rate found for carrier FedEx","timestamp":"21-05-2026 16:02:15"}
{"level":"info","message":"Cheapest rate selected: GLS at 2.50","timestamp":"21-05-2026 16:02:15"}
{"level":"info","message":"Secure request received from: academy-dev-store-2088.myshopify.com","timestamp":"21-05-2026 16:03:02"}
{"level":"info","message":"Processing Shipping Rates with available carriers...","timestamp":"21-05-2026 16:03:02"}
{"level":"info","message":"Transportadora CTT aplicou regra para o postal 4505-141","timestamp":"21-05-2026 16:03:02"}
{"level":"info","message":"Transportadora GLS aplicou regra para o postal 4505-141","timestamp":"21-05-2026 16:03:02"}
{"level":"info","message":"FedEx returned 6 rate options for ZIP 4505-141 in PT.","timestamp":"21-05-2026 16:03:04"}
{"level":"info","message":"Added API rate for carrier FedEx: 3116.4999999999995 EUR","timestamp":"21-05-2026 16:03:04"}
{"level":"info","message":"Cheapest rate selected: GLS at 2.50","timestamp":"21-05-2026 16:03:04"}
{"level":"info","message":"Secure request received from: academy-dev-store-2088.myshopify.com","timestamp":"21-05-2026 16:49:11"}
{"level":"error","message":"Critical error in shipping route: Cannot read properties of null (reading '_length')","stack":"TypeError: Cannot read properties of null (reading '_length')\n    at eval (/Users/skrey-andresantos/Documents/Projects/shipping-app/app/routes/api.shippingRates.tsx:64:45)\n    at Array.forEach (<anonymous>)\n    at action (/Users/skrey-andresantos/Documents/Projects/shipping-app/app/routes/api.shippingRates.tsx:62:16)\n    at Object.callRouteAction (/Users/skrey-andresantos/Documents/Projects/shipping-app/node_modules/@remix-run/server-runtime/dist/data.js:36:16)\n    at /Users/skrey-andresantos/Documents/Projects/shipping-app/node_modules/@remix-run/router/router.ts:4936:19\n    at callLoaderOrAction (/Users/skrey-andresantos/Documents/Projects/shipping-app/node_modules/@remix-run/router/router.ts:5000:16)\n    at async Promise.all (index 0)\n    at defaultDataStrategy (/Users/skrey-andresantos/Documents/Projects/shipping-app/node_modules/@remix-run/router/router.ts:4809:17)\n    at callDataStrategyImpl (/Users/skrey-andresantos/Documents/Projects/shipping-app/node_modules/@remix-run/router/router.ts:4872:17)\n    at callDataStrategy (/Users/skrey-andresantos/Documents/Projects/shipping-app/node_modules/@remix-run/router/router.ts:4029:19)\n    at submit (/Users/skrey-andresantos/Documents/Projects/shipping-app/node_modules/@remix-run/router/router.ts:3792:21)\n    at queryImpl (/Users/skrey-andresantos/Documents/Projects/shipping-app/node_modules/@remix-run/router/router.ts:3721:22)\n    at Object.queryRoute (/Users/skrey-andresantos/Documents/Projects/shipping-app/node_modules/@remix-run/router/router.ts:3666:18)\n    at handleResourceRequest (/Users/skrey-andresantos/Documents/Projects/shipping-app/node_modules/@remix-run/server-runtime/dist/server.js:444:20)\n    at requestHandler (/Users/skrey-andresantos/Documents/Projects/shipping-app/node_modules/@remix-run/server-runtime/dist/server.js:167:18)\n    at nodeHandler (/Users/skrey-andresantos/Documents/Projects/shipping-app/node_modules/@remix-run/dev/dist/vite/plugin.js:859:27)\n    at /Users/skrey-andresantos/Documents/Projects/shipping-app/node_modules/@remix-run/dev/dist/vite/plugin.js:862:15","timestamp":"21-05-2026 16:49:11"}
{"level":"info","message":"Secure request received from: academy-dev-store-2088.myshopify.com","timestamp":"21-05-2026 16:49:11"}
{"level":"error","message":"Critical error in shipping route: Cannot read properties of null (reading '_length')","stack":"TypeError: Cannot read properties of null (reading '_length')\n    at eval (/Users/skrey-andresantos/Documents/Projects/shipping-app/app/routes/api.shippingRates.tsx:64:45)\n    at Array.forEach (<anonymous>)\n    at action (/Users/skrey-andresantos/Documents/Projects/shipping-app/app/routes/api.shippingRates.tsx:62:16)\n    at Object.callRouteAction (/Users/skrey-andresantos/Documents/Projects/shipping-app/node_modules/@remix-run/server-runtime/dist/data.js:36:16)\n    at /Users/skrey-andresantos/Documents/Projects/shipping-app/node_modules/@remix-run/router/router.ts:4936:19\n    at callLoaderOrAction (/Users/skrey-andresantos/Documents/Projects/shipping-app/node_modules/@remix-run/router/router.ts:5000:16)\n    at async Promise.all (index 0)\n    at defaultDataStrategy (/Users/skrey-andresantos/Documents/Projects/shipping-app/node_modules/@remix-run/router/router.ts:4809:17)\n    at callDataStrategyImpl (/Users/skrey-andresantos/Documents/Projects/shipping-app/node_modules/@remix-run/router/router.ts:4872:17)\n    at callDataStrategy (/Users/skrey-andresantos/Documents/Projects/shipping-app/node_modules/@remix-run/router/router.ts:4029:19)\n    at submit (/Users/skrey-andresantos/Documents/Projects/shipping-app/node_modules/@remix-run/router/router.ts:3792:21)\n    at queryImpl (/Users/skrey-andresantos/Documents/Projects/shipping-app/node_modules/@remix-run/router/router.ts:3721:22)\n    at Object.queryRoute (/Users/skrey-andresantos/Documents/Projects/shipping-app/node_modules/@remix-run/router/router.ts:3666:18)\n    at handleResourceRequest (/Users/skrey-andresantos/Documents/Projects/shipping-app/node_modules/@remix-run/server-runtime/dist/server.js:444:20)\n    at requestHandler (/Users/skrey-andresantos/Documents/Projects/shipping-app/node_modules/@remix-run/server-runtime/dist/server.js:167:18)\n    at nodeHandler (/Users/skrey-andresantos/Documents/Projects/shipping-app/node_modules/@remix-run/dev/dist/vite/plugin.js:859:27)\n    at /Users/skrey-andresantos/Documents/Projects/shipping-app/node_modules/@remix-run/dev/dist/vite/plugin.js:862:15","timestamp":"21-05-2026 16:49:11"}
{"level":"info","message":"Secure request received from: academy-dev-store-2088.myshopify.com","timestamp":"21-05-2026 16:49:11"}
{"level":"error","message":"Critical error in shipping route: Cannot read properties of null (reading '_length')","stack":"TypeError: Cannot read properties of null (reading '_length')\n    at eval (/Users/skrey-andresantos/Documents/Projects/shipping-app/app/routes/api.shippingRates.tsx:64:45)\n    at Array.forEach (<anonymous>)\n    at action (/Users/skrey-andresantos/Documents/Projects/shipping-app/app/routes/api.shippingRates.tsx:62:16)\n    at Object.callRouteAction (/Users/skrey-andresantos/Documents/Projects/shipping-app/node_modules/@remix-run/server-runtime/dist/data.js:36:16)\n    at /Users/skrey-andresantos/Documents/Projects/shipping-app/node_modules/@remix-run/router/router.ts:4936:19\n    at callLoaderOrAction (/Users/skrey-andresantos/Documents/Projects/shipping-app/node_modules/@remix-run/router/router.ts:5000:16)\n    at async Promise.all (index 0)\n    at defaultDataStrategy (/Users/skrey-andresantos/Documents/Projects/shipping-app/node_modules/@remix-run/router/router.ts:4809:17)\n    at callDataStrategyImpl (/Users/skrey-andresantos/Documents/Projects/shipping-app/node_modules/@remix-run/router/router.ts:4872:17)\n    at callDataStrategy (/Users/skrey-andresantos/Documents/Projects/shipping-app/node_modules/@remix-run/router/router.ts:4029:19)\n    at submit (/Users/skrey-andresantos/Documents/Projects/shipping-app/node_modules/@remix-run/router/router.ts:3792:21)\n    at queryImpl (/Users/skrey-andresantos/Documents/Projects/shipping-app/node_modules/@remix-run/router/router.ts:3721:22)\n    at Object.queryRoute (/Users/skrey-andresantos/Documents/Projects/shipping-app/node_modules/@remix-run/router/router.ts:3666:18)\n    at handleResourceRequest (/Users/skrey-andresantos/Documents/Projects/shipping-app/node_modules/@remix-run/server-runtime/dist/server.js:444:20)\n    at requestHandler (/Users/skrey-andresantos/Documents/Projects/shipping-app/node_modules/@remix-run/server-runtime/dist/server.js:167:18)\n    at nodeHandler (/Users/skrey-andresantos/Documents/Projects/shipping-app/node_modules/@remix-run/dev/dist/vite/plugin.js:859:27)\n    at /Users/skrey-andresantos/Documents/Projects/shipping-app/node_modules/@remix-run/dev/dist/vite/plugin.js:862:15","timestamp":"21-05-2026 16:49:11"}
{"level":"info","message":"Secure request received from: academy-dev-store-2088.myshopify.com","timestamp":"21-05-2026 16:49:12"}
{"level":"error","message":"Critical error in shipping route: Cannot read properties of null (reading '_length')","stack":"TypeError: Cannot read properties of null (reading '_length')\n    at eval (/Users/skrey-andresantos/Documents/Projects/shipping-app/app/routes/api.shippingRates.tsx:64:45)\n    at Array.forEach (<anonymous>)\n    at action (/Users/skrey-andresantos/Documents/Projects/shipping-app/app/routes/api.shippingRates.tsx:62:16)\n    at Object.callRouteAction (/Users/skrey-andresantos/Documents/Projects/shipping-app/node_modules/@remix-run/server-runtime/dist/data.js:36:16)\n    at /Users/skrey-andresantos/Documents/Projects/shipping-app/node_modules/@remix-run/router/router.ts:4936:19\n    at callLoaderOrAction (/Users/skrey-andresantos/Documents/Projects/shipping-app/node_modules/@remix-run/router/router.ts:5000:16)\n    at async Promise.all (index 0)\n    at defaultDataStrategy (/Users/skrey-andresantos/Documents/Projects/shipping-app/node_modules/@remix-run/router/router.ts:4809:17)\n    at callDataStrategyImpl (/Users/skrey-andresantos/Documents/Projects/shipping-app/node_modules/@remix-run/router/router.ts:4872:17)\n    at callDataStrategy (/Users/skrey-andresantos/Documents/Projects/shipping-app/node_modules/@remix-run/router/router.ts:4029:19)\n    at submit (/Users/skrey-andresantos/Documents/Projects/shipping-app/node_modules/@remix-run/router/router.ts:3792:21)\n    at queryImpl (/Users/skrey-andresantos/Documents/Projects/shipping-app/node_modules/@remix-run/router/router.ts:3721:22)\n    at Object.queryRoute (/Users/skrey-andresantos/Documents/Projects/shipping-app/node_modules/@remix-run/router/router.ts:3666:18)\n    at handleResourceRequest (/Users/skrey-andresantos/Documents/Projects/shipping-app/node_modules/@remix-run/server-runtime/dist/server.js:444:20)\n    at requestHandler (/Users/skrey-andresantos/Documents/Projects/shipping-app/node_modules/@remix-run/server-runtime/dist/server.js:167:18)\n    at nodeHandler (/Users/skrey-andresantos/Documents/Projects/shipping-app/node_modules/@remix-run/dev/dist/vite/plugin.js:859:27)\n    at /Users/skrey-andresantos/Documents/Projects/shipping-app/node_modules/@remix-run/dev/dist/vite/plugin.js:862:15","timestamp":"21-05-2026 16:49:12"}
{"level":"info","message":"Secure request received from: academy-dev-store-2088.myshopify.com","timestamp":"21-05-2026 16:49:12"}
{"level":"error","message":"Critical error in shipping route: Cannot read properties of null (reading '_length')","stack":"TypeError: Cannot read properties of null (reading '_length')\n    at eval (/Users/skrey-andresantos/Documents/Projects/shipping-app/app/routes/api.shippingRates.tsx:64:45)\n    at Array.forEach (<anonymous>)\n    at action (/Users/skrey-andresantos/Documents/Projects/shipping-app/app/routes/api.shippingRates.tsx:62:16)\n    at Object.callRouteAction (/Users/skrey-andresantos/Documents/Projects/shipping-app/node_modules/@remix-run/server-runtime/dist/data.js:36:16)\n    at /Users/skrey-andresantos/Documents/Projects/shipping-app/node_modules/@remix-run/router/router.ts:4936:19\n    at callLoaderOrAction (/Users/skrey-andresantos/Documents/Projects/shipping-app/node_modules/@remix-run/router/router.ts:5000:16)\n    at async Promise.all (index 0)\n    at defaultDataStrategy (/Users/skrey-andresantos/Documents/Projects/shipping-app/node_modules/@remix-run/router/router.ts:4809:17)\n    at callDataStrategyImpl (/Users/skrey-andresantos/Documents/Projects/shipping-app/node_modules/@remix-run/router/router.ts:4872:17)\n    at callDataStrategy (/Users/skrey-andresantos/Documents/Projects/shipping-app/node_modules/@remix-run/router/router.ts:4029:19)\n    at submit (/Users/skrey-andresantos/Documents/Projects/shipping-app/node_modules/@remix-run/router/router.ts:3792:21)\n    at queryImpl (/Users/skrey-andresantos/Documents/Projects/shipping-app/node_modules/@remix-run/router/router.ts:3721:22)\n    at Object.queryRoute (/Users/skrey-andresantos/Documents/Projects/shipping-app/node_modules/@remix-run/router/router.ts:3666:18)\n    at handleResourceRequest (/Users/skrey-andresantos/Documents/Projects/shipping-app/node_modules/@remix-run/server-runtime/dist/server.js:444:20)\n    at requestHandler (/Users/skrey-andresantos/Documents/Projects/shipping-app/node_modules/@remix-run/server-runtime/dist/server.js:167:18)\n    at nodeHandler (/Users/skrey-andresantos/Documents/Projects/shipping-app/node_modules/@remix-run/dev/dist/vite/plugin.js:859:27)\n    at /Users/skrey-andresantos/Documents/Projects/shipping-app/node_modules/@remix-run/dev/dist/vite/plugin.js:862:15","timestamp":"21-05-2026 16:49:12"}
{"level":"info","message":"Secure request received from: academy-dev-store-2088.myshopify.com","timestamp":"21-05-2026 16:49:12"}
{"level":"error","message":"Critical error in shipping route: Cannot read properties of null (reading '_length')","stack":"TypeError: Cannot read properties of null (reading '_length')\n    at eval (/Users/skrey-andresantos/Documents/Projects/shipping-app/app/routes/api.shippingRates.tsx:64:45)\n    at Array.forEach (<anonymous>)\n    at action (/Users/skrey-andresantos/Documents/Projects/shipping-app/app/routes/api.shippingRates.tsx:62:16)\n    at Object.callRouteAction (/Users/skrey-andresantos/Documents/Projects/shipping-app/node_modules/@remix-run/server-runtime/dist/data.js:36:16)\n    at /Users/skrey-andresantos/Documents/Projects/shipping-app/node_modules/@remix-run/router/router.ts:4936:19\n    at callLoaderOrAction (/Users/skrey-andresantos/Documents/Projects/shipping-app/node_modules/@remix-run/router/router.ts:5000:16)\n    at async Promise.all (index 0)\n    at defaultDataStrategy (/Users/skrey-andresantos/Documents/Projects/shipping-app/node_modules/@remix-run/router/router.ts:4809:17)\n    at callDataStrategyImpl (/Users/skrey-andresantos/Documents/Projects/shipping-app/node_modules/@remix-run/router/router.ts:4872:17)\n    at callDataStrategy (/Users/skrey-andresantos/Documents/Projects/shipping-app/node_modules/@remix-run/router/router.ts:4029:19)\n    at submit (/Users/skrey-andresantos/Documents/Projects/shipping-app/node_modules/@remix-run/router/router.ts:3792:21)\n    at queryImpl (/Users/skrey-andresantos/Documents/Projects/shipping-app/node_modules/@remix-run/router/router.ts:3721:22)\n    at Object.queryRoute (/Users/skrey-andresantos/Documents/Projects/shipping-app/node_modules/@remix-run/router/router.ts:3666:18)\n    at handleResourceRequest (/Users/skrey-andresantos/Documents/Projects/shipping-app/node_modules/@remix-run/server-runtime/dist/server.js:444:20)\n    at requestHandler (/Users/skrey-andresantos/Documents/Projects/shipping-app/node_modules/@remix-run/server-runtime/dist/server.js:167:18)\n    at nodeHandler (/Users/skrey-andresantos/Documents/Projects/shipping-app/node_modules/@remix-run/dev/dist/vite/plugin.js:859:27)\n    at /Users/skrey-andresantos/Documents/Projects/shipping-app/node_modules/@remix-run/dev/dist/vite/plugin.js:862:15","timestamp":"21-05-2026 16:49:12"}
{"level":"info","message":"Secure request received from: academy-dev-store-2088.myshopify.com","timestamp":"21-05-2026 16:49:13"}
{"level":"error","message":"Critical error in shipping route: Cannot read properties of null (reading '_length')","stack":"TypeError: Cannot read properties of null (reading '_length')\n    at eval (/Users/skrey-andresantos/Documents/Projects/shipping-app/app/routes/api.shippingRates.tsx:64:45)\n    at Array.forEach (<anonymous>)\n    at action (/Users/skrey-andresantos/Documents/Projects/shipping-app/app/routes/api.shippingRates.tsx:62:16)\n    at Object.callRouteAction (/Users/skrey-andresantos/Documents/Projects/shipping-app/node_modules/@remix-run/server-runtime/dist/data.js:36:16)\n    at /Users/skrey-andresantos/Documents/Projects/shipping-app/node_modules/@remix-run/router/router.ts:4936:19\n    at callLoaderOrAction (/Users/skrey-andresantos/Documents/Projects/shipping-app/node_modules/@remix-run/router/router.ts:5000:16)\n    at async Promise.all (index 0)\n    at defaultDataStrategy (/Users/skrey-andresantos/Documents/Projects/shipping-app/node_modules/@remix-run/router/router.ts:4809:17)\n    at callDataStrategyImpl (/Users/skrey-andresantos/Documents/Projects/shipping-app/node_modules/@remix-run/router/router.ts:4872:17)\n    at callDataStrategy (/Users/skrey-andresantos/Documents/Projects/shipping-app/node_modules/@remix-run/router/router.ts:4029:19)\n    at submit (/Users/skrey-andresantos/Documents/Projects/shipping-app/node_modules/@remix-run/router/router.ts:3792:21)\n    at queryImpl (/Users/skrey-andresantos/Documents/Projects/shipping-app/node_modules/@remix-run/router/router.ts:3721:22)\n    at Object.queryRoute (/Users/skrey-andresantos/Documents/Projects/shipping-app/node_modules/@remix-run/router/router.ts:3666:18)\n    at handleResourceRequest (/Users/skrey-andresantos/Documents/Projects/shipping-app/node_modules/@remix-run/server-runtime/dist/server.js:444:20)\n    at requestHandler (/Users/skrey-andresantos/Documents/Projects/shipping-app/node_modules/@remix-run/server-runtime/dist/server.js:167:18)\n    at nodeHandler (/Users/skrey-andresantos/Documents/Projects/shipping-app/node_modules/@remix-run/dev/dist/vite/plugin.js:859:27)\n    at /Users/skrey-andresantos/Documents/Projects/shipping-app/node_modules/@remix-run/dev/dist/vite/plugin.js:862:15","timestamp":"21-05-2026 16:49:13"}
{"level":"info","message":"Secure request received from: academy-dev-store-2088.myshopify.com","timestamp":"21-05-2026 16:49:13"}
{"level":"error","message":"Critical error in shipping route: Cannot read properties of null (reading '_length')","stack":"TypeError: Cannot read properties of null (reading '_length')\n    at eval (/Users/skrey-andresantos/Documents/Projects/shipping-app/app/routes/api.shippingRates.tsx:64:45)\n    at Array.forEach (<anonymous>)\n    at action (/Users/skrey-andresantos/Documents/Projects/shipping-app/app/routes/api.shippingRates.tsx:62:16)\n    at Object.callRouteAction (/Users/skrey-andresantos/Documents/Projects/shipping-app/node_modules/@remix-run/server-runtime/dist/data.js:36:16)\n    at /Users/skrey-andresantos/Documents/Projects/shipping-app/node_modules/@remix-run/router/router.ts:4936:19\n    at callLoaderOrAction (/Users/skrey-andresantos/Documents/Projects/shipping-app/node_modules/@remix-run/router/router.ts:5000:16)\n    at async Promise.all (index 0)\n    at defaultDataStrategy (/Users/skrey-andresantos/Documents/Projects/shipping-app/node_modules/@remix-run/router/router.ts:4809:17)\n    at callDataStrategyImpl (/Users/skrey-andresantos/Documents/Projects/shipping-app/node_modules/@remix-run/router/router.ts:4872:17)\n    at callDataStrategy (/Users/skrey-andresantos/Documents/Projects/shipping-app/node_modules/@remix-run/router/router.ts:4029:19)\n    at submit (/Users/skrey-andresantos/Documents/Projects/shipping-app/node_modules/@remix-run/router/router.ts:3792:21)\n    at queryImpl (/Users/skrey-andresantos/Documents/Projects/shipping-app/node_modules/@remix-run/router/router.ts:3721:22)\n    at Object.queryRoute (/Users/skrey-andresantos/Documents/Projects/shipping-app/node_modules/@remix-run/router/router.ts:3666:18)\n    at handleResourceRequest (/Users/skrey-andresantos/Documents/Projects/shipping-app/node_modules/@remix-run/server-runtime/dist/server.js:444:20)\n    at requestHandler (/Users/skrey-andresantos/Documents/Projects/shipping-app/node_modules/@remix-run/server-runtime/dist/server.js:167:18)\n    at nodeHandler (/Users/skrey-andresantos/Documents/Projects/shipping-app/node_modules/@remix-run/dev/dist/vite/plugin.js:859:27)\n    at /Users/skrey-andresantos/Documents/Projects/shipping-app/node_modules/@remix-run/dev/dist/vite/plugin.js:862:15","timestamp":"21-05-2026 16:49:13"}
{"level":"info","message":"Secure request received from: academy-dev-store-2088.myshopify.com","timestamp":"21-05-2026 16:49:14"}
{"level":"error","message":"Critical error in shipping route: Cannot read properties of null (reading '_length')","stack":"TypeError: Cannot read properties of null (reading '_length')\n    at eval (/Users/skrey-andresantos/Documents/Projects/shipping-app/app/routes/api.shippingRates.tsx:64:45)\n    at Array.forEach (<anonymous>)\n    at action (/Users/skrey-andresantos/Documents/Projects/shipping-app/app/routes/api.shippingRates.tsx:62:16)\n    at Object.callRouteAction (/Users/skrey-andresantos/Documents/Projects/shipping-app/node_modules/@remix-run/server-runtime/dist/data.js:36:16)\n    at /Users/skrey-andresantos/Documents/Projects/shipping-app/node_modules/@remix-run/router/router.ts:4936:19\n    at callLoaderOrAction (/Users/skrey-andresantos/Documents/Projects/shipping-app/node_modules/@remix-run/router/router.ts:5000:16)\n    at async Promise.all (index 0)\n    at defaultDataStrategy (/Users/skrey-andresantos/Documents/Projects/shipping-app/node_modules/@remix-run/router/router.ts:4809:17)\n    at callDataStrategyImpl (/Users/skrey-andresantos/Documents/Projects/shipping-app/node_modules/@remix-run/router/router.ts:4872:17)\n    at callDataStrategy (/Users/skrey-andresantos/Documents/Projects/shipping-app/node_modules/@remix-run/router/router.ts:4029:19)\n    at submit (/Users/skrey-andresantos/Documents/Projects/shipping-app/node_modules/@remix-run/router/router.ts:3792:21)\n    at queryImpl (/Users/skrey-andresantos/Documents/Projects/shipping-app/node_modules/@remix-run/router/router.ts:3721:22)\n    at Object.queryRoute (/Users/skrey-andresantos/Documents/Projects/shipping-app/node_modules/@remix-run/router/router.ts:3666:18)\n    at handleResourceRequest (/Users/skrey-andresantos/Documents/Projects/shipping-app/node_modules/@remix-run/server-runtime/dist/server.js:444:20)\n    at requestHandler (/Users/skrey-andresantos/Documents/Projects/shipping-app/node_modules/@remix-run/server-runtime/dist/server.js:167:18)\n    at nodeHandler (/Users/skrey-andresantos/Documents/Projects/shipping-app/node_modules/@remix-run/dev/dist/vite/plugin.js:859:27)\n    at /Users/skrey-andresantos/Documents/Projects/shipping-app/node_modules/@remix-run/dev/dist/vite/plugin.js:862:15","timestamp":"21-05-2026 16:49:14"}
{"level":"info","message":"Secure request received from: academy-dev-store-2088.myshopify.com","timestamp":"21-05-2026 16:49:14"}
{"level":"error","message":"Critical error in shipping route: Cannot read properties of null (reading '_length')","stack":"TypeError: Cannot read properties of null (reading '_length')\n    at eval (/Users/skrey-andresantos/Documents/Projects/shipping-app/app/routes/api.shippingRates.tsx:64:45)\n    at Array.forEach (<anonymous>)\n    at action (/Users/skrey-andresantos/Documents/Projects/shipping-app/app/routes/api.shippingRates.tsx:62:16)\n    at Object.callRouteAction (/Users/skrey-andresantos/Documents/Projects/shipping-app/node_modules/@remix-run/server-runtime/dist/data.js:36:16)\n    at /Users/skrey-andresantos/Documents/Projects/shipping-app/node_modules/@remix-run/router/router.ts:4936:19\n    at callLoaderOrAction (/Users/skrey-andresantos/Documents/Projects/shipping-app/node_modules/@remix-run/router/router.ts:5000:16)\n    at async Promise.all (index 0)\n    at defaultDataStrategy (/Users/skrey-andresantos/Documents/Projects/shipping-app/node_modules/@remix-run/router/router.ts:4809:17)\n    at callDataStrategyImpl (/Users/skrey-andresantos/Documents/Projects/shipping-app/node_modules/@remix-run/router/router.ts:4872:17)\n    at callDataStrategy (/Users/skrey-andresantos/Documents/Projects/shipping-app/node_modules/@remix-run/router/router.ts:4029:19)\n    at submit (/Users/skrey-andresantos/Documents/Projects/shipping-app/node_modules/@remix-run/router/router.ts:3792:21)\n    at queryImpl (/Users/skrey-andresantos/Documents/Projects/shipping-app/node_modules/@remix-run/router/router.ts:3721:22)\n    at Object.queryRoute (/Users/skrey-andresantos/Documents/Projects/shipping-app/node_modules/@remix-run/router/router.ts:3666:18)\n    at handleResourceRequest (/Users/skrey-andresantos/Documents/Projects/shipping-app/node_modules/@remix-run/server-runtime/dist/server.js:444:20)\n    at requestHandler (/Users/skrey-andresantos/Documents/Projects/shipping-app/node_modules/@remix-run/server-runtime/dist/server.js:167:18)\n    at nodeHandler (/Users/skrey-andresantos/Documents/Projects/shipping-app/node_modules/@remix-run/dev/dist/vite/plugin.js:859:27)\n    at /Users/skrey-andresantos/Documents/Projects/shipping-app/node_modules/@remix-run/dev/dist/vite/plugin.js:862:15","timestamp":"21-05-2026 16:49:14"}
{"level":"info","message":"Secure request received from: academy-dev-store-2088.myshopify.com","timestamp":"21-05-2026 17:21:34"}
{"level":"info","message":"Processing Shipping Rates with available carriers...","timestamp":"21-05-2026 17:21:34"}
{"level":"info","message":"Transportadora CTT aplicou regra para o postal 4505-141","timestamp":"21-05-2026 17:21:34"}
{"level":"info","message":"Transportadora GLS aplicou regra para o postal 4505-141","timestamp":"21-05-2026 17:21:34"}
{"level":"info","message":"FedEx returned 6 rate options for ZIP 4505-141 in PT.","timestamp":"21-05-2026 17:21:35"}
{"level":"info","message":"Added API rate for carrier FedEx: 3116.4999999999995 EUR","timestamp":"21-05-2026 17:21:35"}
{"level":"info","message":"Cheapest rate selected: GLS at 2.50","timestamp":"21-05-2026 17:21:35"}
{"level":"info","message":"Secure request received from: academy-dev-store-2088.myshopify.com","timestamp":"22-05-2026 10:40:36"}
{"level":"info","message":"Processing Shipping Rates with available carriers...","timestamp":"22-05-2026 10:40:36"}
{"level":"warn","message":"No carrier rates could be fetched, returning fallback rate.","timestamp":"22-05-2026 10:40:36"}
{"level":"info","message":"Secure request received from: academy-dev-store-2088.myshopify.com","timestamp":"22-05-2026 10:40:37"}
{"level":"info","message":"Processing Shipping Rates with available carriers...","timestamp":"22-05-2026 10:40:37"}
{"level":"warn","message":"No carrier rates could be fetched, returning fallback rate.","timestamp":"22-05-2026 10:40:37"}
{"level":"info","message":"Secure request received from: academy-dev-store-2088.myshopify.com","timestamp":"22-05-2026 10:42:13"}
{"level":"info","message":"Processing Shipping Rates with available carriers...","timestamp":"22-05-2026 10:42:13"}
{"level":"warn","message":"No carrier rates could be fetched, returning fallback rate.","timestamp":"22-05-2026 10:42:13"}
{"level":"info","message":"Secure request received from: academy-dev-store-2088.myshopify.com","timestamp":"22-05-2026 10:43:50"}
{"level":"info","message":"Processing Shipping Rates with available carriers...","timestamp":"22-05-2026 10:43:50"}
{"level":"warn","message":"No carrier rates could be fetched, returning fallback rate.","timestamp":"22-05-2026 10:43:50"}
{"level":"info","message":"Secure request received from: academy-dev-store-2088.myshopify.com","timestamp":"22-05-2026 10:51:52"}
{"level":"info","message":"Processing Shipping Rates with available carriers...","timestamp":"22-05-2026 10:51:52"}
{"level":"info","message":"Transportadora Teste  aplicou regra para o postal 4505-141","timestamp":"22-05-2026 10:51:52"}
{"level":"info","message":"Cheapest rate selected: Teste  at 5.00","timestamp":"22-05-2026 10:51:52"}
{"level":"info","message":"Secure request received from: academy-dev-store-2088.myshopify.com","timestamp":"22-05-2026 10:51:53"}
{"level":"info","message":"Processing Shipping Rates with available carriers...","timestamp":"22-05-2026 10:51:53"}
{"level":"info","message":"Transportadora Teste  aplicou regra para o postal 4505-141","timestamp":"22-05-2026 10:51:53"}
{"level":"info","message":"Cheapest rate selected: Teste  at 5.00","timestamp":"22-05-2026 10:51:53"}
{"level":"info","message":"Secure request received from: academy-dev-store-2088.myshopify.com","timestamp":"22-05-2026 10:55:12"}
{"level":"info","message":"Processing Shipping Rates with available carriers...","timestamp":"22-05-2026 10:55:12"}
{"level":"info","message":"Transportadora Teste  aplicou regra para o postal 4505-141","timestamp":"22-05-2026 10:55:12"}
{"level":"info","message":"Cheapest rate selected: Teste  at 9.00","timestamp":"22-05-2026 10:55:12"}
{"level":"info","message":"Secure request received from: academy-dev-store-2088.myshopify.com","timestamp":"22-05-2026 11:05:47"}
{"level":"info","message":"Processing Shipping Rates with available carriers...","timestamp":"22-05-2026 11:05:47"}
{"level":"info","message":"Transportadora Teste  aplicou regra para o postal 4505-141","timestamp":"22-05-2026 11:05:47"}
{"level":"info","message":"Cheapest rate selected: Teste  at 4.00","timestamp":"22-05-2026 11:05:47"}
{"level":"info","message":"Secure request received from: academy-dev-store-2088.myshopify.com","timestamp":"22-05-2026 11:26:08"}
{"level":"info","message":"Processing Shipping Rates with available carriers...","timestamp":"22-05-2026 11:26:08"}
{"level":"info","message":"Transportadora Teste  aplicou regra para o postal 4505-141","timestamp":"22-05-2026 11:26:08"}
{"level":"info","message":"Cheapest rate selected: Teste  at 6.00","timestamp":"22-05-2026 11:26:08"}
{"level":"info","message":"Secure request received from: academy-dev-store-2088.myshopify.com","timestamp":"22-05-2026 11:27:40"}
{"level":"info","message":"Processing Shipping Rates with available carriers...","timestamp":"22-05-2026 11:27:40"}
{"level":"info","message":"Transportadora Teste  aplicou regra para o postal 4505-142","timestamp":"22-05-2026 11:27:40"}
{"level":"info","message":"Cheapest rate selected: Teste  at 5.00","timestamp":"22-05-2026 11:27:40"}
{"level":"info","message":"Secure request received from: academy-dev-store-2088.myshopify.com","timestamp":"22-05-2026 11:54:37"}
{"level":"info","message":"Processing Shipping Rates with available carriers...","timestamp":"22-05-2026 11:54:37"}
{"level":"info","message":"FedEx returned 6 rate options for ZIP N17 0BX in GB.","timestamp":"22-05-2026 11:54:38"}
{"level":"info","message":"Added API rate for carrier FedEx: 3116.4999999999995 EUR","timestamp":"22-05-2026 11:54:38"}
{"level":"info","message":"Cheapest rate selected: FedEx Economy™ at 31.16","timestamp":"22-05-2026 11:54:38"}
{"level":"info","message":"Secure request received from: academy-dev-store-2088.myshopify.com","timestamp":"22-05-2026 11:55:32"}
{"level":"info","message":"Processing Shipping Rates with available carriers...","timestamp":"22-05-2026 11:55:32"}
{"level":"info","message":"FedEx returned 6 rate options for ZIP 4505-141 in PT.","timestamp":"22-05-2026 11:55:33"}
{"level":"info","message":"Added API rate for carrier FedEx: 3116.4999999999995 EUR","timestamp":"22-05-2026 11:55:33"}
{"level":"info","message":"Cheapest rate selected: FedEx Economy™ at 31.16","timestamp":"22-05-2026 11:55:33"}
{"level":"info","message":"Secure request received from: academy-dev-store-2088.myshopify.com","timestamp":"22-05-2026 11:55:33"}
{"level":"info","message":"Processing Shipping Rates with available carriers...","timestamp":"22-05-2026 11:55:33"}
{"level":"info","message":"FedEx returned 6 rate options for ZIP 4505-141 in PT.","timestamp":"22-05-2026 11:55:34"}
{"level":"info","message":"Added API rate for carrier FedEx: 3116.4999999999995 EUR","timestamp":"22-05-2026 11:55:34"}
{"level":"info","message":"Cheapest rate selected: FedEx Economy™ at 31.16","timestamp":"22-05-2026 11:55:34"}
{"level":"info","message":"Secure request received from: academy-dev-store-2088.myshopify.com","timestamp":"22-05-2026 12:02:14"}
{"level":"info","message":"Processing Shipping Rates with available carriers...","timestamp":"22-05-2026 12:02:14"}
{"level":"info","message":"FedEx returned 6 rate options for ZIP 4505-141 in PT.","timestamp":"22-05-2026 12:02:15"}
{"level":"info","message":"Added API rate for carrier FedEx: 3116 EUR","timestamp":"22-05-2026 12:02:15"}
{"level":"info","message":"Cheapest rate selected: FedEx Economy™ at 31.16","timestamp":"22-05-2026 12:02:15"}
{"level":"info","message":"Secure request received from: academy-dev-store-2088.myshopify.com","timestamp":"22-05-2026 12:03:00"}
{"level":"info","message":"Processing Shipping Rates with available carriers...","timestamp":"22-05-2026 12:03:00"}
{"level":"info","message":"FedEx returned 6 rate options for ZIP 4505-141 in PT.","timestamp":"22-05-2026 12:03:01"}
{"level":"info","message":"Added API rate for carrier FedEx: 3116 EUR","timestamp":"22-05-2026 12:03:01"}
{"level":"info","message":"Cheapest rate selected: FedEx Economy™ at 31.16","timestamp":"22-05-2026 12:03:01"}
{"level":"info","message":"Secure request received from: academy-dev-store-2088.myshopify.com","timestamp":"22-05-2026 12:08:37"}
{"level":"info","message":"Processing Shipping Rates with available carriers...","timestamp":"22-05-2026 12:08:37"}
{"level":"info","message":"FedEx returned 6 rate options for ZIP 4505-141 in PT.","timestamp":"22-05-2026 12:08:38"}
{"level":"info","message":"Added API rate for carrier FedEx: 3116 EUR","timestamp":"22-05-2026 12:08:38"}
{"level":"info","message":"Cheapest rate selected: FedEx Economy™ at 31.16","timestamp":"22-05-2026 12:08:38"}
{"level":"info","message":"Secure request received from: academy-dev-store-2088.myshopify.com","timestamp":"22-05-2026 12:10:59"}
{"level":"info","message":"Processing Shipping Rates with available carriers...","timestamp":"22-05-2026 12:10:59"}
{"level":"info","message":"FedEx returned 6 rate options for ZIP 4505-141 in PT.","timestamp":"22-05-2026 12:11:00"}
{"level":"info","message":"Added API rate for carrier FedEx: 3116 EUR","timestamp":"22-05-2026 12:11:00"}
{"level":"info","message":"Cheapest rate selected: FedEx Economy™ at 31.16","timestamp":"22-05-2026 12:11:00"}
{"level":"info","message":"Secure request received from: academy-dev-store-2088.myshopify.com","timestamp":"22-05-2026 12:13:36"}
{"level":"info","message":"Processing Shipping Rates with available carriers...","timestamp":"22-05-2026 12:13:36"}
{"level":"info","message":"FedEx returned 6 rate options for ZIP 4505-141 in PT.","timestamp":"22-05-2026 12:13:37"}
{"level":"info","message":"Added API rate for carrier FedEx: 3116 EUR","timestamp":"22-05-2026 12:13:37"}
{"level":"info","message":"Cheapest rate selected: FedEx Economy™ at 31.16","timestamp":"22-05-2026 12:13:37"}
{"level":"info","message":"Secure request received from: academy-dev-store-2088.myshopify.com","timestamp":"22-05-2026 12:21:56"}
{"level":"info","message":"Processing Shipping Rates with available carriers...","timestamp":"22-05-2026 12:21:56"}
{"level":"info","message":"FedEx returned 6 rate options for ZIP 4505-141 in PT.","timestamp":"22-05-2026 12:21:58"}
{"level":"info","message":"Added 6 API rates for carrier FedEx","timestamp":"22-05-2026 12:21:58"}
{"level":"info","message":"Cheapest rate selected: FedEx Economy™ at 31.16","timestamp":"22-05-2026 12:21:58"}
{"level":"info","message":"Secure request received from: academy-dev-store-2088.myshopify.com","timestamp":"22-05-2026 12:27:09"}
{"level":"info","message":"Processing Shipping Rates with available carriers...","timestamp":"22-05-2026 12:27:09"}
{"level":"info","message":"FedEx returned 6 rate options for ZIP 4505-141 in PT.","timestamp":"22-05-2026 12:27:10"}
{"level":"info","message":"Added 6 API rates for carrier FedEx","timestamp":"22-05-2026 12:27:10"}
{"level":"info","message":"Cheapest rate selected: FedEx Economy™ at 31.16","timestamp":"22-05-2026 12:27:10"}
{"level":"info","message":"Secure request received from: academy-dev-store-2088.myshopify.com","timestamp":"22-05-2026 12:33:19"}
{"level":"info","message":"Processing Shipping Rates with available carriers...","timestamp":"22-05-2026 12:33:19"}
{"level":"info","message":"FedEx returned 6 rate options for ZIP 4505-141 in PT.","timestamp":"22-05-2026 12:33:21"}
{"level":"info","message":"Added 6 API rates for carrier FedEx","timestamp":"22-05-2026 12:33:21"}
{"level":"info","message":"Cheapest rate selected: FedEx Economy™ at 31.16","timestamp":"22-05-2026 12:33:21"}
{"level":"info","message":"Secure request received from: academy-dev-store-2088.myshopify.com","timestamp":"22-05-2026 12:34:40"}
{"level":"error","message":"Critical error in shipping route: Cannot read properties of null (reading '_length')","stack":"TypeError: Cannot read properties of null (reading '_length')\n    at eval (/Users/skrey-andresantos/Documents/Projects/shipping-app/app/routes/api.shippingRates.tsx:64:45)\n    at Array.forEach (<anonymous>)\n    at action (/Users/skrey-andresantos/Documents/Projects/shipping-app/app/routes/api.shippingRates.tsx:62:16)\n    at Object.callRouteAction (/Users/skrey-andresantos/Documents/Projects/shipping-app/node_modules/@remix-run/server-runtime/dist/data.js:36:16)\n    at /Users/skrey-andresantos/Documents/Projects/shipping-app/node_modules/@remix-run/router/router.ts:4936:19\n    at callLoaderOrAction (/Users/skrey-andresantos/Documents/Projects/shipping-app/node_modules/@remix-run/router/router.ts:5000:16)\n    at async Promise.all (index 0)\n    at defaultDataStrategy (/Users/skrey-andresantos/Documents/Projects/shipping-app/node_modules/@remix-run/router/router.ts:4809:17)\n    at callDataStrategyImpl (/Users/skrey-andresantos/Documents/Projects/shipping-app/node_modules/@remix-run/router/router.ts:4872:17)\n    at callDataStrategy (/Users/skrey-andresantos/Documents/Projects/shipping-app/node_modules/@remix-run/router/router.ts:4029:19)\n    at submit (/Users/skrey-andresantos/Documents/Projects/shipping-app/node_modules/@remix-run/router/router.ts:3792:21)\n    at queryImpl (/Users/skrey-andresantos/Documents/Projects/shipping-app/node_modules/@remix-run/router/router.ts:3721:22)\n    at Object.queryRoute (/Users/skrey-andresantos/Documents/Projects/shipping-app/node_modules/@remix-run/router/router.ts:3666:18)\n    at handleResourceRequest (/Users/skrey-andresantos/Documents/Projects/shipping-app/node_modules/@remix-run/server-runtime/dist/server.js:444:20)\n    at requestHandler (/Users/skrey-andresantos/Documents/Projects/shipping-app/node_modules/@remix-run/server-runtime/dist/server.js:167:18)\n    at nodeHandler (/Users/skrey-andresantos/Documents/Projects/shipping-app/node_modules/@remix-run/dev/dist/vite/plugin.js:859:27)\n    at /Users/skrey-andresantos/Documents/Projects/shipping-app/node_modules/@remix-run/dev/dist/vite/plugin.js:862:15","timestamp":"22-05-2026 12:34:40"}
{"level":"info","message":"Secure request received from: academy-dev-store-2088.myshopify.com","timestamp":"22-05-2026 12:34:40"}
{"level":"error","message":"Critical error in shipping route: Cannot read properties of null (reading '_length')","stack":"TypeError: Cannot read properties of null (reading '_length')\n    at eval (/Users/skrey-andresantos/Documents/Projects/shipping-app/app/routes/api.shippingRates.tsx:64:45)\n    at Array.forEach (<anonymous>)\n    at action (/Users/skrey-andresantos/Documents/Projects/shipping-app/app/routes/api.shippingRates.tsx:62:16)\n    at Object.callRouteAction (/Users/skrey-andresantos/Documents/Projects/shipping-app/node_modules/@remix-run/server-runtime/dist/data.js:36:16)\n    at /Users/skrey-andresantos/Documents/Projects/shipping-app/node_modules/@remix-run/router/router.ts:4936:19\n    at callLoaderOrAction (/Users/skrey-andresantos/Documents/Projects/shipping-app/node_modules/@remix-run/router/router.ts:5000:16)\n    at async Promise.all (index 0)\n    at defaultDataStrategy (/Users/skrey-andresantos/Documents/Projects/shipping-app/node_modules/@remix-run/router/router.ts:4809:17)\n    at callDataStrategyImpl (/Users/skrey-andresantos/Documents/Projects/shipping-app/node_modules/@remix-run/router/router.ts:4872:17)\n    at callDataStrategy (/Users/skrey-andresantos/Documents/Projects/shipping-app/node_modules/@remix-run/router/router.ts:4029:19)\n    at submit (/Users/skrey-andresantos/Documents/Projects/shipping-app/node_modules/@remix-run/router/router.ts:3792:21)\n    at queryImpl (/Users/skrey-andresantos/Documents/Projects/shipping-app/node_modules/@remix-run/router/router.ts:3721:22)\n    at Object.queryRoute (/Users/skrey-andresantos/Documents/Projects/shipping-app/node_modules/@remix-run/router/router.ts:3666:18)\n    at handleResourceRequest (/Users/skrey-andresantos/Documents/Projects/shipping-app/node_modules/@remix-run/server-runtime/dist/server.js:444:20)\n    at requestHandler (/Users/skrey-andresantos/Documents/Projects/shipping-app/node_modules/@remix-run/server-runtime/dist/server.js:167:18)\n    at nodeHandler (/Users/skrey-andresantos/Documents/Projects/shipping-app/node_modules/@remix-run/dev/dist/vite/plugin.js:859:27)\n    at /Users/skrey-andresantos/Documents/Projects/shipping-app/node_modules/@remix-run/dev/dist/vite/plugin.js:862:15","timestamp":"22-05-2026 12:34:40"}
{"level":"info","message":"Secure request received from: academy-dev-store-2088.myshopify.com","timestamp":"22-05-2026 12:34:40"}
{"level":"error","message":"Critical error in shipping route: Cannot read properties of null (reading '_length')","stack":"TypeError: Cannot read properties of null (reading '_length')\n    at eval (/Users/skrey-andresantos/Documents/Projects/shipping-app/app/routes/api.shippingRates.tsx:64:45)\n    at Array.forEach (<anonymous>)\n    at action (/Users/skrey-andresantos/Documents/Projects/shipping-app/app/routes/api.shippingRates.tsx:62:16)\n    at Object.callRouteAction (/Users/skrey-andresantos/Documents/Projects/shipping-app/node_modules/@remix-run/server-runtime/dist/data.js:36:16)\n    at /Users/skrey-andresantos/Documents/Projects/shipping-app/node_modules/@remix-run/router/router.ts:4936:19\n    at callLoaderOrAction (/Users/skrey-andresantos/Documents/Projects/shipping-app/node_modules/@remix-run/router/router.ts:5000:16)\n    at async Promise.all (index 0)\n    at defaultDataStrategy (/Users/skrey-andresantos/Documents/Projects/shipping-app/node_modules/@remix-run/router/router.ts:4809:17)\n    at callDataStrategyImpl (/Users/skrey-andresantos/Documents/Projects/shipping-app/node_modules/@remix-run/router/router.ts:4872:17)\n    at callDataStrategy (/Users/skrey-andresantos/Documents/Projects/shipping-app/node_modules/@remix-run/router/router.ts:4029:19)\n    at submit (/Users/skrey-andresantos/Documents/Projects/shipping-app/node_modules/@remix-run/router/router.ts:3792:21)\n    at queryImpl (/Users/skrey-andresantos/Documents/Projects/shipping-app/node_modules/@remix-run/router/router.ts:3721:22)\n    at Object.queryRoute (/Users/skrey-andresantos/Documents/Projects/shipping-app/node_modules/@remix-run/router/router.ts:3666:18)\n    at handleResourceRequest (/Users/skrey-andresantos/Documents/Projects/shipping-app/node_modules/@remix-run/server-runtime/dist/server.js:444:20)\n    at requestHandler (/Users/skrey-andresantos/Documents/Projects/shipping-app/node_modules/@remix-run/server-runtime/dist/server.js:167:18)\n    at nodeHandler (/Users/skrey-andresantos/Documents/Projects/shipping-app/node_modules/@remix-run/dev/dist/vite/plugin.js:859:27)\n    at /Users/skrey-andresantos/Documents/Projects/shipping-app/node_modules/@remix-run/dev/dist/vite/plugin.js:862:15","timestamp":"22-05-2026 12:34:40"}
{"level":"info","message":"Secure request received from: academy-dev-store-2088.myshopify.com","timestamp":"22-05-2026 12:34:41"}
{"level":"error","message":"Critical error in shipping route: Cannot read properties of null (reading '_length')","stack":"TypeError: Cannot read properties of null (reading '_length')\n    at eval (/Users/skrey-andresantos/Documents/Projects/shipping-app/app/routes/api.shippingRates.tsx:64:45)\n    at Array.forEach (<anonymous>)\n    at action (/Users/skrey-andresantos/Documents/Projects/shipping-app/app/routes/api.shippingRates.tsx:62:16)\n    at Object.callRouteAction (/Users/skrey-andresantos/Documents/Projects/shipping-app/node_modules/@remix-run/server-runtime/dist/data.js:36:16)\n    at /Users/skrey-andresantos/Documents/Projects/shipping-app/node_modules/@remix-run/router/router.ts:4936:19\n    at callLoaderOrAction (/Users/skrey-andresantos/Documents/Projects/shipping-app/node_modules/@remix-run/router/router.ts:5000:16)\n    at async Promise.all (index 0)\n    at defaultDataStrategy (/Users/skrey-andresantos/Documents/Projects/shipping-app/node_modules/@remix-run/router/router.ts:4809:17)\n    at callDataStrategyImpl (/Users/skrey-andresantos/Documents/Projects/shipping-app/node_modules/@remix-run/router/router.ts:4872:17)\n    at callDataStrategy (/Users/skrey-andresantos/Documents/Projects/shipping-app/node_modules/@remix-run/router/router.ts:4029:19)\n    at submit (/Users/skrey-andresantos/Documents/Projects/shipping-app/node_modules/@remix-run/router/router.ts:3792:21)\n    at queryImpl (/Users/skrey-andresantos/Documents/Projects/shipping-app/node_modules/@remix-run/router/router.ts:3721:22)\n    at Object.queryRoute (/Users/skrey-andresantos/Documents/Projects/shipping-app/node_modules/@remix-run/router/router.ts:3666:18)\n    at handleResourceRequest (/Users/skrey-andresantos/Documents/Projects/shipping-app/node_modules/@remix-run/server-runtime/dist/server.js:444:20)\n    at requestHandler (/Users/skrey-andresantos/Documents/Projects/shipping-app/node_modules/@remix-run/server-runtime/dist/server.js:167:18)\n    at nodeHandler (/Users/skrey-andresantos/Documents/Projects/shipping-app/node_modules/@remix-run/dev/dist/vite/plugin.js:859:27)\n    at /Users/skrey-andresantos/Documents/Projects/shipping-app/node_modules/@remix-run/dev/dist/vite/plugin.js:862:15","timestamp":"22-05-2026 12:34:41"}
{"level":"info","message":"Secure request received from: academy-dev-store-2088.myshopify.com","timestamp":"22-05-2026 12:34:41"}
{"level":"error","message":"Critical error in shipping route: Cannot read properties of null (reading '_length')","stack":"TypeError: Cannot read properties of null (reading '_length')\n    at eval (/Users/skrey-andresantos/Documents/Projects/shipping-app/app/routes/api.shippingRates.tsx:64:45)\n    at Array.forEach (<anonymous>)\n    at action (/Users/skrey-andresantos/Documents/Projects/shipping-app/app/routes/api.shippingRates.tsx:62:16)\n    at Object.callRouteAction (/Users/skrey-andresantos/Documents/Projects/shipping-app/node_modules/@remix-run/server-runtime/dist/data.js:36:16)\n    at /Users/skrey-andresantos/Documents/Projects/shipping-app/node_modules/@remix-run/router/router.ts:4936:19\n    at callLoaderOrAction (/Users/skrey-andresantos/Documents/Projects/shipping-app/node_modules/@remix-run/router/router.ts:5000:16)\n    at async Promise.all (index 0)\n    at defaultDataStrategy (/Users/skrey-andresantos/Documents/Projects/shipping-app/node_modules/@remix-run/router/router.ts:4809:17)\n    at callDataStrategyImpl (/Users/skrey-andresantos/Documents/Projects/shipping-app/node_modules/@remix-run/router/router.ts:4872:17)\n    at callDataStrategy (/Users/skrey-andresantos/Documents/Projects/shipping-app/node_modules/@remix-run/router/router.ts:4029:19)\n    at submit (/Users/skrey-andresantos/Documents/Projects/shipping-app/node_modules/@remix-run/router/router.ts:3792:21)\n    at queryImpl (/Users/skrey-andresantos/Documents/Projects/shipping-app/node_modules/@remix-run/router/router.ts:3721:22)\n    at Object.queryRoute (/Users/skrey-andresantos/Documents/Projects/shipping-app/node_modules/@remix-run/router/router.ts:3666:18)\n    at handleResourceRequest (/Users/skrey-andresantos/Documents/Projects/shipping-app/node_modules/@remix-run/server-runtime/dist/server.js:444:20)\n    at requestHandler (/Users/skrey-andresantos/Documents/Projects/shipping-app/node_modules/@remix-run/server-runtime/dist/server.js:167:18)\n    at nodeHandler (/Users/skrey-andresantos/Documents/Projects/shipping-app/node_modules/@remix-run/dev/dist/vite/plugin.js:859:27)\n    at /Users/skrey-andresantos/Documents/Projects/shipping-app/node_modules/@remix-run/dev/dist/vite/plugin.js:862:15","timestamp":"22-05-2026 12:34:41"}
{"level":"info","message":"Secure request received from: academy-dev-store-2088.myshopify.com","timestamp":"22-05-2026 12:34:41"}
{"level":"error","message":"Critical error in shipping route: Cannot read properties of null (reading '_length')","stack":"TypeError: Cannot read properties of null (reading '_length')\n    at eval (/Users/skrey-andresantos/Documents/Projects/shipping-app/app/routes/api.shippingRates.tsx:64:45)\n    at Array.forEach (<anonymous>)\n    at action (/Users/skrey-andresantos/Documents/Projects/shipping-app/app/routes/api.shippingRates.tsx:62:16)\n    at Object.callRouteAction (/Users/skrey-andresantos/Documents/Projects/shipping-app/node_modules/@remix-run/server-runtime/dist/data.js:36:16)\n    at /Users/skrey-andresantos/Documents/Projects/shipping-app/node_modules/@remix-run/router/router.ts:4936:19\n    at callLoaderOrAction (/Users/skrey-andresantos/Documents/Projects/shipping-app/node_modules/@remix-run/router/router.ts:5000:16)\n    at async Promise.all (index 0)\n    at defaultDataStrategy (/Users/skrey-andresantos/Documents/Projects/shipping-app/node_modules/@remix-run/router/router.ts:4809:17)\n    at callDataStrategyImpl (/Users/skrey-andresantos/Documents/Projects/shipping-app/node_modules/@remix-run/router/router.ts:4872:17)\n    at callDataStrategy (/Users/skrey-andresantos/Documents/Projects/shipping-app/node_modules/@remix-run/router/router.ts:4029:19)\n    at submit (/Users/skrey-andresantos/Documents/Projects/shipping-app/node_modules/@remix-run/router/router.ts:3792:21)\n    at queryImpl (/Users/skrey-andresantos/Documents/Projects/shipping-app/node_modules/@remix-run/router/router.ts:3721:22)\n    at Object.queryRoute (/Users/skrey-andresantos/Documents/Projects/shipping-app/node_modules/@remix-run/router/router.ts:3666:18)\n    at handleResourceRequest (/Users/skrey-andresantos/Documents/Projects/shipping-app/node_modules/@remix-run/server-runtime/dist/server.js:444:20)\n    at requestHandler (/Users/skrey-andresantos/Documents/Projects/shipping-app/node_modules/@remix-run/server-runtime/dist/server.js:167:18)\n    at nodeHandler (/Users/skrey-andresantos/Documents/Projects/shipping-app/node_modules/@remix-run/dev/dist/vite/plugin.js:859:27)\n    at /Users/skrey-andresantos/Documents/Projects/shipping-app/node_modules/@remix-run/dev/dist/vite/plugin.js:862:15","timestamp":"22-05-2026 12:34:41"}
{"level":"info","message":"Secure request received from: academy-dev-store-2088.myshopify.com","timestamp":"22-05-2026 12:34:42"}
{"level":"error","message":"Critical error in shipping route: Cannot read properties of null (reading '_length')","stack":"TypeError: Cannot read properties of null (reading '_length')\n    at eval (/Users/skrey-andresantos/Documents/Projects/shipping-app/app/routes/api.shippingRates.tsx:64:45)\n    at Array.forEach (<anonymous>)\n    at action (/Users/skrey-andresantos/Documents/Projects/shipping-app/app/routes/api.shippingRates.tsx:62:16)\n    at Object.callRouteAction (/Users/skrey-andresantos/Documents/Projects/shipping-app/node_modules/@remix-run/server-runtime/dist/data.js:36:16)\n    at /Users/skrey-andresantos/Documents/Projects/shipping-app/node_modules/@remix-run/router/router.ts:4936:19\n    at callLoaderOrAction (/Users/skrey-andresantos/Documents/Projects/shipping-app/node_modules/@remix-run/router/router.ts:5000:16)\n    at async Promise.all (index 0)\n    at defaultDataStrategy (/Users/skrey-andresantos/Documents/Projects/shipping-app/node_modules/@remix-run/router/router.ts:4809:17)\n    at callDataStrategyImpl (/Users/skrey-andresantos/Documents/Projects/shipping-app/node_modules/@remix-run/router/router.ts:4872:17)\n    at callDataStrategy (/Users/skrey-andresantos/Documents/Projects/shipping-app/node_modules/@remix-run/router/router.ts:4029:19)\n    at submit (/Users/skrey-andresantos/Documents/Projects/shipping-app/node_modules/@remix-run/router/router.ts:3792:21)\n    at queryImpl (/Users/skrey-andresantos/Documents/Projects/shipping-app/node_modules/@remix-run/router/router.ts:3721:22)\n    at Object.queryRoute (/Users/skrey-andresantos/Documents/Projects/shipping-app/node_modules/@remix-run/router/router.ts:3666:18)\n    at handleResourceRequest (/Users/skrey-andresantos/Documents/Projects/shipping-app/node_modules/@remix-run/server-runtime/dist/server.js:444:20)\n    at requestHandler (/Users/skrey-andresantos/Documents/Projects/shipping-app/node_modules/@remix-run/server-runtime/dist/server.js:167:18)\n    at nodeHandler (/Users/skrey-andresantos/Documents/Projects/shipping-app/node_modules/@remix-run/dev/dist/vite/plugin.js:859:27)\n    at /Users/skrey-andresantos/Documents/Projects/shipping-app/node_modules/@remix-run/dev/dist/vite/plugin.js:862:15","timestamp":"22-05-2026 12:34:42"}
{"level":"info","message":"Secure request received from: academy-dev-store-2088.myshopify.com","timestamp":"22-05-2026 12:34:42"}
{"level":"error","message":"Critical error in shipping route: Cannot read properties of null (reading '_length')","stack":"TypeError: Cannot read properties of null (reading '_length')\n    at eval (/Users/skrey-andresantos/Documents/Projects/shipping-app/app/routes/api.shippingRates.tsx:64:45)\n    at Array.forEach (<anonymous>)\n    at action (/Users/skrey-andresantos/Documents/Projects/shipping-app/app/routes/api.shippingRates.tsx:62:16)\n    at Object.callRouteAction (/Users/skrey-andresantos/Documents/Projects/shipping-app/node_modules/@remix-run/server-runtime/dist/data.js:36:16)\n    at /Users/skrey-andresantos/Documents/Projects/shipping-app/node_modules/@remix-run/router/router.ts:4936:19\n    at callLoaderOrAction (/Users/skrey-andresantos/Documents/Projects/shipping-app/node_modules/@remix-run/router/router.ts:5000:16)\n    at async Promise.all (index 0)\n    at defaultDataStrategy (/Users/skrey-andresantos/Documents/Projects/shipping-app/node_modules/@remix-run/router/router.ts:4809:17)\n    at callDataStrategyImpl (/Users/skrey-andresantos/Documents/Projects/shipping-app/node_modules/@remix-run/router/router.ts:4872:17)\n    at callDataStrategy (/Users/skrey-andresantos/Documents/Projects/shipping-app/node_modules/@remix-run/router/router.ts:4029:19)\n    at submit (/Users/skrey-andresantos/Documents/Projects/shipping-app/node_modules/@remix-run/router/router.ts:3792:21)\n    at queryImpl (/Users/skrey-andresantos/Documents/Projects/shipping-app/node_modules/@remix-run/router/router.ts:3721:22)\n    at Object.queryRoute (/Users/skrey-andresantos/Documents/Projects/shipping-app/node_modules/@remix-run/router/router.ts:3666:18)\n    at handleResourceRequest (/Users/skrey-andresantos/Documents/Projects/shipping-app/node_modules/@remix-run/server-runtime/dist/server.js:444:20)\n    at requestHandler (/Users/skrey-andresantos/Documents/Projects/shipping-app/node_modules/@remix-run/server-runtime/dist/server.js:167:18)\n    at nodeHandler (/Users/skrey-andresantos/Documents/Projects/shipping-app/node_modules/@remix-run/dev/dist/vite/plugin.js:859:27)\n    at /Users/skrey-andresantos/Documents/Projects/shipping-app/node_modules/@remix-run/dev/dist/vite/plugin.js:862:15","timestamp":"22-05-2026 12:34:42"}
{"level":"info","message":"Secure request received from: academy-dev-store-2088.myshopify.com","timestamp":"22-05-2026 12:34:42"}
{"level":"error","message":"Critical error in shipping route: Cannot read properties of null (reading '_length')","stack":"TypeError: Cannot read properties of null (reading '_length')\n    at eval (/Users/skrey-andresantos/Documents/Projects/shipping-app/app/routes/api.shippingRates.tsx:64:45)\n    at Array.forEach (<anonymous>)\n    at action (/Users/skrey-andresantos/Documents/Projects/shipping-app/app/routes/api.shippingRates.tsx:62:16)\n    at Object.callRouteAction (/Users/skrey-andresantos/Documents/Projects/shipping-app/node_modules/@remix-run/server-runtime/dist/data.js:36:16)\n    at /Users/skrey-andresantos/Documents/Projects/shipping-app/node_modules/@remix-run/router/router.ts:4936:19\n    at callLoaderOrAction (/Users/skrey-andresantos/Documents/Projects/shipping-app/node_modules/@remix-run/router/router.ts:5000:16)\n    at async Promise.all (index 0)\n    at defaultDataStrategy (/Users/skrey-andresantos/Documents/Projects/shipping-app/node_modules/@remix-run/router/router.ts:4809:17)\n    at callDataStrategyImpl (/Users/skrey-andresantos/Documents/Projects/shipping-app/node_modules/@remix-run/router/router.ts:4872:17)\n    at callDataStrategy (/Users/skrey-andresantos/Documents/Projects/shipping-app/node_modules/@remix-run/router/router.ts:4029:19)\n    at submit (/Users/skrey-andresantos/Documents/Projects/shipping-app/node_modules/@remix-run/router/router.ts:3792:21)\n    at queryImpl (/Users/skrey-andresantos/Documents/Projects/shipping-app/node_modules/@remix-run/router/router.ts:3721:22)\n    at Object.queryRoute (/Users/skrey-andresantos/Documents/Projects/shipping-app/node_modules/@remix-run/router/router.ts:3666:18)\n    at handleResourceRequest (/Users/skrey-andresantos/Documents/Projects/shipping-app/node_modules/@remix-run/server-runtime/dist/server.js:444:20)\n    at requestHandler (/Users/skrey-andresantos/Documents/Projects/shipping-app/node_modules/@remix-run/server-runtime/dist/server.js:167:18)\n    at nodeHandler (/Users/skrey-andresantos/Documents/Projects/shipping-app/node_modules/@remix-run/dev/dist/vite/plugin.js:859:27)\n    at /Users/skrey-andresantos/Documents/Projects/shipping-app/node_modules/@remix-run/dev/dist/vite/plugin.js:862:15","timestamp":"22-05-2026 12:34:42"}
{"level":"info","message":"Secure request received from: academy-dev-store-2088.myshopify.com","timestamp":"22-05-2026 12:34:43"}
{"level":"error","message":"Critical error in shipping route: Cannot read properties of null (reading '_length')","stack":"TypeError: Cannot read properties of null (reading '_length')\n    at eval (/Users/skrey-andresantos/Documents/Projects/shipping-app/app/routes/api.shippingRates.tsx:64:45)\n    at Array.forEach (<anonymous>)\n    at action (/Users/skrey-andresantos/Documents/Projects/shipping-app/app/routes/api.shippingRates.tsx:62:16)\n    at Object.callRouteAction (/Users/skrey-andresantos/Documents/Projects/shipping-app/node_modules/@remix-run/server-runtime/dist/data.js:36:16)\n    at /Users/skrey-andresantos/Documents/Projects/shipping-app/node_modules/@remix-run/router/router.ts:4936:19\n    at callLoaderOrAction (/Users/skrey-andresantos/Documents/Projects/shipping-app/node_modules/@remix-run/router/router.ts:5000:16)\n    at async Promise.all (index 0)\n    at defaultDataStrategy (/Users/skrey-andresantos/Documents/Projects/shipping-app/node_modules/@remix-run/router/router.ts:4809:17)\n    at callDataStrategyImpl (/Users/skrey-andresantos/Documents/Projects/shipping-app/node_modules/@remix-run/router/router.ts:4872:17)\n    at callDataStrategy (/Users/skrey-andresantos/Documents/Projects/shipping-app/node_modules/@remix-run/router/router.ts:4029:19)\n    at submit (/Users/skrey-andresantos/Documents/Projects/shipping-app/node_modules/@remix-run/router/router.ts:3792:21)\n    at queryImpl (/Users/skrey-andresantos/Documents/Projects/shipping-app/node_modules/@remix-run/router/router.ts:3721:22)\n    at Object.queryRoute (/Users/skrey-andresantos/Documents/Projects/shipping-app/node_modules/@remix-run/router/router.ts:3666:18)\n    at handleResourceRequest (/Users/skrey-andresantos/Documents/Projects/shipping-app/node_modules/@remix-run/server-runtime/dist/server.js:444:20)\n    at requestHandler (/Users/skrey-andresantos/Documents/Projects/shipping-app/node_modules/@remix-run/server-runtime/dist/server.js:167:18)\n    at nodeHandler (/Users/skrey-andresantos/Documents/Projects/shipping-app/node_modules/@remix-run/dev/dist/vite/plugin.js:859:27)\n    at /Users/skrey-andresantos/Documents/Projects/shipping-app/node_modules/@remix-run/dev/dist/vite/plugin.js:862:15","timestamp":"22-05-2026 12:34:43"}
{"level":"info","message":"Secure request received from: academy-dev-store-2088.myshopify.com","timestamp":"22-05-2026 12:42:36"}
{"level":"info","message":"Processing Shipping Rates with available carriers...","timestamp":"22-05-2026 12:42:36"}
{"level":"info","message":"FedEx returned 6 rate options for ZIP 4505-141 in PT.","timestamp":"22-05-2026 12:42:38"}
{"level":"info","message":"Added 6 API rates for carrier FedEx","timestamp":"22-05-2026 12:42:38"}
{"level":"info","message":[{"currency":"UKL","description":"Operated by FedEx Economy™","max_delivery_date":"2026-06-21T11:42:38.067Z","min_delivery_date":"2026-06-06T11:42:38.067Z","service_code":"FEDEX_DISTANCE_DEFERRED","service_name":"FedEx Economy™","total_price":3116}],"timestamp":"22-05-2026 12:42:38"}
{"level":"info","message":"Secure request received from: academy-dev-store-2088.myshopify.com","timestamp":"22-05-2026 12:45:51"}
{"level":"info","message":"Processing Shipping Rates with available carriers...","timestamp":"22-05-2026 12:45:51"}
{"level":"info","message":"FedEx returned 6 rate options for ZIP 4505-141 in PT.","timestamp":"22-05-2026 12:45:52"}
{"level":"info","message":"Added 6 API rates for carrier FedEx","timestamp":"22-05-2026 12:45:52"}
{"level":"info","message":"Cheapest rate selected: FedEx Economy™ at 31.16","timestamp":"22-05-2026 12:45:52"}
{"level":"info","message":"Secure request received from: academy-dev-store-2088.myshopify.com","timestamp":"22-05-2026 12:52:16"}
{"level":"info","message":"Processing Shipping Rates with available carriers...","timestamp":"22-05-2026 12:52:16"}
{"level":"info","message":"FedEx returned 6 rate options for ZIP 4505-141 in PT.","timestamp":"22-05-2026 12:52:17"}
{"level":"info","message":"Added 6 API rates for carrier FedEx","timestamp":"22-05-2026 12:52:17"}
{"level":"info","message":"Cheapest rate selected: FedEx Economy™ at 31.16","timestamp":"22-05-2026 12:52:17"}
{"level":"info","message":"Secure request received from: academy-dev-store-2088.myshopify.com","timestamp":"22-05-2026 12:54:05"}
{"level":"info","message":"Processing Shipping Rates with available carriers...","timestamp":"22-05-2026 12:54:05"}
{"level":"info","message":"FedEx returned 6 rate options for ZIP 4505-141 in PT.","timestamp":"22-05-2026 12:54:10"}
{"level":"info","message":"Added 6 API rates for carrier FedEx","timestamp":"22-05-2026 12:54:10"}
{"level":"info","message":"Cheapest rate selected: FedEx Economy™ at 31.16","timestamp":"22-05-2026 12:54:10"}
{"level":"info","message":"Secure request received from: academy-dev-store-2088.myshopify.com","timestamp":"22-05-2026 12:57:50"}
{"level":"info","message":"Processing Shipping Rates with available carriers...","timestamp":"22-05-2026 12:57:50"}
{"level":"info","message":"FedEx returned 6 rate options for ZIP 4505-141 in PT.","timestamp":"22-05-2026 12:57:51"}
{"level":"info","message":"Added 6 API rates for carrier FedEx","timestamp":"22-05-2026 12:57:51"}
{"level":"info","message":"Cheapest rate selected: FedEx Economy™ at 31.16","timestamp":"22-05-2026 12:57:51"}
{"level":"info","message":"Secure request received from: academy-dev-store-2088.myshopify.com","timestamp":"22-05-2026 12:59:27"}
{"level":"info","message":"Processing Shipping Rates with available carriers...","timestamp":"22-05-2026 12:59:27"}
{"level":"info","message":"FedEx returned 6 rate options for ZIP 4505-141 in PT.","timestamp":"22-05-2026 12:59:28"}
{"level":"info","message":"Added 6 API rates for carrier FedEx","timestamp":"22-05-2026 12:59:28"}
{"level":"info","message":"Cheapest rate selected: FedEx Economy™ at 31.16","timestamp":"22-05-2026 12:59:28"}
{"level":"info","message":"Secure request received from: academy-dev-store-2088.myshopify.com","timestamp":"22-05-2026 13:01:14"}
{"level":"info","message":"Processing Shipping Rates with available carriers...","timestamp":"22-05-2026 13:01:14"}
{"level":"info","message":"FedEx returned 6 rate options for ZIP 4505-141 in PT.","timestamp":"22-05-2026 13:01:15"}
{"level":"info","message":"Added 6 API rates for carrier FedEx","timestamp":"22-05-2026 13:01:15"}
{"level":"info","message":"Cheapest rate selected: FedEx Economy™ at 31.16","timestamp":"22-05-2026 13:01:15"}
{"level":"info","message":"Secure request received from: academy-dev-store-2088.myshopify.com","timestamp":"22-05-2026 13:02:26"}
{"level":"info","message":"Processing Shipping Rates with available carriers...","timestamp":"22-05-2026 13:02:26"}
{"level":"info","message":"FedEx returned 6 rate options for ZIP 4505-141 in PT.","timestamp":"22-05-2026 13:02:27"}
{"level":"info","message":"Added 6 API rates for carrier FedEx","timestamp":"22-05-2026 13:02:27"}
{"level":"info","message":"Cheapest rate selected: FedEx Economy™ at 31.16","timestamp":"22-05-2026 13:02:27"}
{"level":"info","message":"Secure request received from: academy-dev-store-2088.myshopify.com","timestamp":"22-05-2026 13:03:22"}
{"level":"info","message":"Processing Shipping Rates with available carriers...","timestamp":"22-05-2026 13:03:22"}
{"level":"info","message":"FedEx returned 6 rate options for ZIP N17 0BX in GB.","timestamp":"22-05-2026 13:03:23"}
{"level":"info","message":"Added 6 API rates for carrier FedEx","timestamp":"22-05-2026 13:03:23"}
{"level":"info","message":"Cheapest rate selected: FedEx Economy™ at 31.16","timestamp":"22-05-2026 13:03:23"}
{"level":"info","message":"Secure request received from: academy-dev-store-2088.myshopify.com","timestamp":"22-05-2026 13:10:20"}
{"level":"info","message":"Processing Shipping Rates with available carriers...","timestamp":"22-05-2026 13:10:20"}
{"level":"info","message":"Added 6 API rates for carrier FedEx","timestamp":"22-05-2026 13:10:21"}
{"level":"info","message":"Cheapest rate selected: FedEx Economy™ at 31.16","timestamp":"22-05-2026 13:10:21"}
{"level":"info","message":"Secure request received from: academy-dev-store-2088.myshopify.com","timestamp":"22-05-2026 13:11:36"}
{"level":"info","message":"Processing Shipping Rates with available carriers...","timestamp":"22-05-2026 13:11:36"}
{"level":"info","message":"Added 6 API rates for carrier FedEx","timestamp":"22-05-2026 13:11:37"}
{"level":"info","message":"Cheapest rate selected: FedEx Economy™ at 31.16","timestamp":"22-05-2026 13:11:37"}
